Mageplaza,Mageplaza
"Privacy and Cookie Policy","私隱及曲奇政策",module,Magento_Cms
"Contact Us","聯絡我們",module,Magento_Contact
"Orders and Returns","訂單及退貨",module,Magento_Sales
All,全部,module,Magento_AdminGws
None,無,module,Magento_AdminGws
"Allowed Scopes",允許的範圍,module,Magento_AdminGws
"You need more permissions to apply some of the rule updates.",你需要更多的權限才能更新規則。,module,Magento_AdminGws
"You need more permissions to access website ""%1"".","你需要更多權限訪問此網站""%1""。",module,Magento_AdminGws
"Role Scopes",網站角色,module,Magento_AdminGws
Custom,自訂,module,Magento_AdminGws
"Read Details",詳細資料,module,Magento_AdminNotification
"Mark as Read",已讀,module,Magento_AdminNotification
"Are you sure?",是否確認?,module,Magento_AdminNotification
Remove,移除,module,Magento_AdminNotification
"Messages Inbox",收件匣訊息,module,Magento_AdminNotification
"You have %1 new system messages","你有 %1 條新訊息",module,Magento_AdminNotification
"You have %1 new system message","你有 %1 條新訊息",module,Magento_AdminNotification
"Incoming Message",收到訊息,module,Magento_AdminNotification
close,關閉,module,Magento_AdminNotification
Notifications,通知,module,Magento_AdminNotification
"The message has been marked as Read.",訊息已標記為已讀。,module,Magento_AdminNotification
"We couldn't mark the notification as Read because of an error.",系統未能標記錯誤提示為已讀。,module,Magento_AdminNotification
"Please select messages.",請選擇訊息。,module,Magento_AdminNotification
"A total of %1 record(s) have been marked as Read.","共有 %1 條記錄已標記為已讀。",module,Magento_AdminNotification
"Total of %1 record(s) have been removed.","共有 %1 條記錄已被刪除。",module,Magento_AdminNotification
"We couldn't remove the messages because of an error.",發生錯誤，我們未能刪除訊息。,module,Magento_AdminNotification
"The message has been removed.",該訊息已被刪除。,module,Magento_AdminNotification
"You have viewed and resolved all recent system notices. Please refresh the web page to clear the notice alert.","已顯示所有最新的系統通知。 要清除通知，請重新整理網頁。",module,Magento_AdminNotification
"1 Hour","1 小時",module,Magento_AdminNotification
"2 Hours","2 小時",module,Magento_AdminNotification
"6 Hours","6 小時",module,Magento_AdminNotification
"12 Hours","12 小時",module,Magento_AdminNotification
"24 Hours","24 小時",module,Magento_AdminNotification
critical,關鍵,module,Magento_AdminNotification
major,主要,module,Magento_AdminNotification
minor,次要,module,Magento_AdminNotification
notice,通知,module,Magento_AdminNotification
"Wrong message type",錯誤訊息類型,module,Magento_AdminNotification
"Wrong notification ID specified.","指定了錯誤的訊息 ID。",module,Magento_AdminNotification
"{{base_url}} is not recommended to use in a production environment to declare the Base Unsecure URL / Base Secure URL. We highly recommend changing this value in your Magento <a href=""%1"">configuration</a>.","在生產環境中不建議使用{{base_url}}作為加密／非加密的根網址，建議在Magento<a href=""%1"">設定</a>中更改為其他值。",module,Magento_AdminNotification
"One or more of the Cache Types are invalidated: %1.","一個或多個緩存類型都將失效︰ %1。",module,Magento_AdminNotification
"Please go to <a href=""%1"">Cache Management</a> and refresh cache types.","請前往<a href=""%1"">緩存管理</a>並刷新緩存類型。",module,Magento_AdminNotification
"We were unable to synchronize one or more media files. Please refer to the log file for details.",有些媒體檔案未能同步，詳請參考例外日誌。,module,Magento_AdminNotification
"Synchronization of media storages has been completed.",媒體庫同步已完成。,module,Magento_AdminNotification
"Your web server is set up incorrectly and allows unauthorized access to sensitive files. Please contact your hosting provider.",你的網站伺服器設定未有阻止存取敏感檔案，請聯絡服務供應商。,module,Magento_AdminNotification
"System Messages:",系統訊息︰,module,Magento_AdminNotification
"Critical System Messages",關鍵系統消息,module,Magento_AdminNotification
"Major System Messages",主要系統消息,module,Magento_AdminNotification
"System messages",系統訊息,module,Magento_AdminNotification
Close,關閉,module,Magento_AdminNotification
"See All (",顯示全部（,module,Magento_AdminNotification
unread),未讀）,module,Magento_AdminNotification
"Show Toolbar",顯示工具列,module,Magento_AdminNotification
"Show List",顯示清單,module,Magento_AdminNotification
"Use HTTPS to Get Feed","使用 HTTPS 獲取資料",module,Magento_AdminNotification
"Update Frequency",更新頻率,module,Magento_AdminNotification
"Last Update",最後更新,module,Magento_AdminNotification
Severity,嚴重程度,module,Magento_AdminNotification
"Date Added",新增日期,module,Magento_AdminNotification
Message,訊息,module,Magento_AdminNotification
Actions,動作,module,Magento_AdminNotification
"Manage Shopping Cart",管理購物車,module,Magento_AdvancedCheckout
"Create Order",創建訂單,module,Magento_AdvancedCheckout
Back,上一步,module,Magento_AdvancedCheckout
"Add Products",新增商品,module,Magento_AdvancedCheckout
"Update Items and Quantities",更新項目和數量,module,Magento_AdvancedCheckout
"Are you sure you want to clear your cart?",確實要清除您的購物車嗎？,module,Magento_AdvancedCheckout
"Clear my shopping cart",清除我的購物車,module,Magento_AdvancedCheckout
"Add selections to my cart",將選項添加到我的車,module,Magento_AdvancedCheckout
Cancel,取消,module,Magento_AdvancedCheckout
"Shopping Cart for %1 in %2","在 %2 %1 的購物車",module,Magento_AdvancedCheckout
"Select products you want to buy",選擇你想要買的產品,module,Magento_AdvancedCheckout
Product,商品,module,Magento_AdvancedCheckout
Price,價格,module,Magento_AdvancedCheckout
Quantity,數量,module,Magento_AdvancedCheckout
"Products in the Comparison List (%1)",在比較清單的產品(%1),module,Magento_AdvancedCheckout
"Last ordered items (%1)","上次訂購的項目 (%1)",module,Magento_AdvancedCheckout
Products,產品,module,Magento_AdvancedCheckout
ID,ID,module,Magento_AdvancedCheckout
SKU,SKU,module,Magento_AdvancedCheckout
"Recently Compared Products (%1)","最近比較的產品 (%1)",module,Magento_AdvancedCheckout
"Recently Viewed Products (%1)","最近流覽過的產品 (%1)",module,Magento_AdvancedCheckout
"Add to Shopping Cart by SKU",從SKU添加到購物車,module,Magento_AdvancedCheckout
"Add to Shopping Cart",添加到購物車,module,Magento_AdvancedCheckout
"Wish List (%1)","願望清單 (%1)",module,Magento_AdvancedCheckout
Apply,套用,module,Magento_AdvancedCheckout
Configure,設定,module,Magento_AdvancedCheckout
"Add to Order by SKU","從 SKU 添加訂單",module,Magento_AdvancedCheckout
"Add to Order",添加到訂單,module,Magento_AdvancedCheckout
"Add Products to Order",將產品添加到訂單,module,Magento_AdvancedCheckout
"<span><span id=""sku-attention-num"">%1</span> product(s) require attention.</span>","<span><span id=""sku-attention-num"">%1</span> 件產品需要注意。</span>",module,Magento_AdvancedCheckout
"Remove All",全部刪除,module,Magento_AdvancedCheckout
"Only %1%2%3 left in stock","庫存中只剩有 %1%2%3",module,Magento_AdvancedCheckout
"You can buy up to %1 of these per purchase.","每次購買，您最多可以購買 %1。",module,Magento_AdvancedCheckout
"You must buy at least %1 of these per purchase.","你每次必須購買至少 %1 件產品。",module,Magento_AdvancedCheckout
"Specify the product's options.",指定的產品選項。,module,Magento_AdvancedCheckout
"Alert me when this item is available.",當產品可買時，請通知我。,module,Magento_AdvancedCheckout
"This customer couldn't be found. Verify the customer and try again.","找不到此顧客，請查證後再試。",module,Magento_AdvancedCheckout
"Shopping cart management is disabled for this customer.",此客戶的購物車被禁用。,module,Magento_AdvancedCheckout
"This store couldn't be found. Verify the store and try again.","找不到此商店，請確認再試。",module,Magento_AdvancedCheckout
Customers,顧客,module,Magento_AdvancedCheckout
"Shopping Cart",購物車,module,Magento_AdvancedCheckout
"You do not have access to this.",你沒有這個權限。,module,Magento_AdvancedCheckout
"An error has occurred. See error log for details.",發生錯誤。請參閱錯誤日誌的詳細資訊。,module,Magento_AdvancedCheckout
"You cannot configure a product.",您不能設置的產品。,module,Magento_AdvancedCheckout
"You removed the items.",您刪除了項目。,module,Magento_AdvancedCheckout
"You removed the item.",您刪除了項目。,module,Magento_AdvancedCheckout
"You added %1 to your shopping cart.","您已添加 %1 到您的購物車",module,Magento_AdvancedCheckout
"You cannot add a product.",您不能添加產品。,module,Magento_AdvancedCheckout
"Order by SKU","按 SKU 排序",module,Magento_AdvancedCheckout
"The SKU was not found in the catalog.","在目錄中找不到該商品的 SKU。",module,Magento_AdvancedCheckout
"Availability: Out of stock.","庫存: 缺貨。",module,Magento_AdvancedCheckout
"We don't have as many of these as you want.",我們沒有你想要的那麼多,module,Magento_AdvancedCheckout
"You can't add this many to your cart.",您不能添加這麼多到您的購物車。,module,Magento_AdvancedCheckout
"You need to choose options for your item.",您需要為您的項目選擇選項。,module,Magento_AdvancedCheckout
"We can't add the item to your cart.",我們不能添加這項目到您的購物車。,module,Magento_AdvancedCheckout
"Please enter an actual number in the ""Qty"" field.","請在""數量""欄位中輸入的實際數。",module,Magento_AdvancedCheckout
"This product is assigned to another website.",本產品被分配給另一個網站。,module,Magento_AdvancedCheckout
"You can add only enabled products.",您可以添加只啟用的產品。,module,Magento_AdvancedCheckout
"You cannot upload this file.",你無法上載此檔。,module,Magento_AdvancedCheckout
"The file is empty.",該檔案是空的。,module,Magento_AdvancedCheckout
"You have not entered a product SKU. Please <a href=""%1"">click here</a> to add product(s) by SKU.","您還沒有輸入產品的 SKU。請 <a href=""%1""> 按一下此處</a> 以添加產品的 SKU。",module,Magento_AdvancedCheckout
"You have not entered a product SKU.","您還沒有輸入產品的 SKU。",module,Magento_AdvancedCheckout
"We can't add a product to cart by id ""%1"".","我們不能添加產品 id ""%1"" 到購物車。",module,Magento_AdvancedCheckout
"Something went wrong while reordering this product.",本產品在重新排序時發生錯誤。,module,Magento_AdvancedCheckout
"We can't find this wish list.",我們找不到這個願望清單。,module,Magento_AdvancedCheckout
"You added %1 product to your shopping cart.","%1 件產品添加到您的購物車。",module,Magento_AdvancedCheckout
"You added %1 products to your shopping cart.","%1 件產品添加到您的購物車。",module,Magento_AdvancedCheckout
"%1 product requires your attention.","%1 產品需要您注意。",module,Magento_AdvancedCheckout
"%1 products require your attention.","%1 產品需要您注意。",module,Magento_AdvancedCheckout
"Yes, for Specified Customer Groups",是，給指定的客戶群。,module,Magento_AdvancedCheckout
"Yes, for Everyone",是，給每個人,module,Magento_AdvancedCheckout
No,否,module,Magento_AdvancedCheckout
"Please upload the file in .csv format.","請上傳.csv 格式的檔。",module,Magento_AdvancedCheckout
"%1 item(s) need your attention.","%1 個項目需要您的關注。",module,Magento_AdvancedCheckout
"Apply Coupon Code",輸入優惠券代碼,module,Magento_AdvancedCheckout
"Remove Coupon Code",刪除優惠券代碼,module,Magento_AdvancedCheckout
Remove,刪除,module,Magento_AdvancedCheckout
"The coupon code ""%1"" is not valid.","優惠券代碼""%1""無效。",module,Magento_AdvancedCheckout
"Shopping Cart Items",購物車項目,module,Magento_AdvancedCheckout
Qty,數量,module,Magento_AdvancedCheckout
Subtotal,小計,module,Magento_AdvancedCheckout
Discount,折扣,module,Magento_AdvancedCheckout
"Row Subtotal","行 小計",module,Magento_AdvancedCheckout
Action,操作,module,Magento_AdvancedCheckout
"No ordered items",沒有訂購項目,module,Magento_AdvancedCheckout
"Total %1 product(s)","總數 %1 產品",module,Magento_AdvancedCheckout
Subtotal:,小計:,module,Magento_AdvancedCheckout
"Please select",請選擇,module,Magento_AdvancedCheckout
"Move to Wish List",移動到願望清單,module,Magento_AdvancedCheckout
"No item specified.",沒有指定的項目。,module,Magento_AdvancedCheckout
"Are you sure you want to remove this item?",您是否確定要刪除此項目？,module,Magento_AdvancedCheckout
"SKU number","SKU 編號",module,Magento_AdvancedCheckout
"Upload File",上載檔案,module,Magento_AdvancedCheckout
"Your csv file must include ""sku"" and ""qty"" columns.","您的 csv 檔必須有""sku""和""數量""列。",module,Magento_AdvancedCheckout
Reset,重設,module,Magento_AdvancedCheckout
SKU:,SKU:,module,Magento_AdvancedCheckout
"Only <span id=""%1_max_allowed"">%2</span> in stock","只有 <span id=""%1_max_allowed"">%2</span> 的庫存",module,Magento_AdvancedCheckout
Item,項目,module,Magento_AdvancedCheckout
"See price before order confirmation.",確認訂單前請確認價格。,module,Magento_AdvancedCheckout
"What's this?",這是什麼？,module,Magento_AdvancedCheckout
"Incl. Tax",含稅,module,Magento_AdvancedCheckout
"Excl. Tax",不含稅,module,Magento_AdvancedCheckout
"Edit item parameters",修改参數,module,Magento_AdvancedCheckout
Edit,編輯,module,Magento_AdvancedCheckout
"Remove item",刪除項目,module,Magento_AdvancedCheckout
"Products Requiring Attention",需要注意的產品,module,Magento_AdvancedCheckout
"Add to Cart",加到購物車,module,Magento_AdvancedCheckout
Sku,Sku,module,Magento_AdvancedCheckout
File,檔案,module,Magento_AdvancedCheckout
"File extensions allowed: .csv",檔副檔名允許︰.csv,module,Magento_AdvancedCheckout
"Add Row",添加行,module,Magento_AdvancedCheckout
"Remove Row",刪除行,module,Magento_AdvancedCheckout
"Add Products By SKU","添加產品的 SKU",module,Magento_AdvancedCheckout
"Shopping Cart Management",購物車管理,module,Magento_AdvancedCheckout
"View Shopping Cart",查看購物車,module,Magento_AdvancedCheckout
"View and modify Shopping Cart",查看和修改購物車,module,Magento_AdvancedCheckout
"Order by SKU Settings","由 SKU 順序",module,Magento_AdvancedCheckout
"Enable Order by SKU on My Account in Storefront","在店面上我的賬戶啟用 SKU 排序",module,Magento_AdvancedCheckout
"Customer Groups",客戶群組,module,Magento_AdvancedCheckout
"Apply Coupon",申請優惠券,module,Magento_AdvancedCheckout
"Order by SKU Description","按SKU 描述排列",module,Magento_AdvancedCheckout
"Display a Link to Loading a Spreadsheet",顯示一個載入試算表的連結,module,Magento_AdvancedCheckout
"Defines whether a link to My Account &gt; Order by SKU page will be displayed on the widget","定義是否連結到我的帳戶 &gt; 依照SKU 排序的頁面將顯示在widget內",module,Magento_AdvancedCheckout
"Link Text",連結文字,module,Magento_AdvancedCheckout
"The text of the link to the My Account &gt; Order by SKU page","到我的帳戶的連結顯示的文字內容 &gt; 依照SKU排序的頁面",module,Magento_AdvancedCheckout
"Load a list of SKUs","加载 SKU 的列表",module,Magento_AdvancedCheckout
"Order by SKU Template",按SKU排序的範本,module,Magento_AdvancedCheckout
"Please correct the data sent.",請更正發送的資料。,module,Magento_AdvancedPricingImportExport
"Entity type model '%1' is not found","找不到實體類型模型 '%1'",module,Magento_AdvancedPricingImportExport
"Entity type model must be an instance of \Magento\CatalogImportExport\Model\Export\Product\Type\AbstractType","實體類型必須屬於 \Magento\CatalogImportExport\Model\Export\Product\Type\AbstractType 裡的其中一個類型",module,Magento_AdvancedPricingImportExport
"There are no product types available for export",無產品類型可輸出,module,Magento_AdvancedPricingImportExport
"%1 class doesn't implement \Magento\AdvancedRule\Model\Condition\FilterTextGeneratorInterface","%1 類並不實現 \Magento\AdvancedRule\Model\Condition\FilterTextGeneratorInterface",module,Magento_AdvancedRule
"Sales Rule",銷售規則,module,Magento_AdvancedSalesRule
"Index sales rule",索引銷售規則,module,Magento_AdvancedSalesRule
"Related Search Terms",相關的搜索詞彙,module,Magento_AdvancedSearch
"Add New Search Term",添加新的搜索,module,Magento_AdvancedSearch
button_label,button_label,module,Magento_AdvancedSearch
"Missing search engine parameter.",找不到搜尋引擎參數,module,Magento_AdvancedSearch
"Successful! Test again?","成功 ！再次測試嗎？",module,Magento_AdvancedSearch
"Connection failed! Test again?","連接失敗 ！再次測試嗎？",module,Magento_AdvancedSearch
"Enable Search Recommendations",啟用搜索建議,module,Magento_AdvancedSearch
"When you enable this option your site may slow down.",當您啟用此選項時您的網站可能會慢下來。,module,Magento_AdvancedSearch
"Search Recommendations Count",搜索建議數,module,Magento_AdvancedSearch
"Show Results Count for Each Recommendation",顯示每項建議的結果數,module,Magento_AdvancedSearch
"Enable Search Suggestions",啟用搜索的建議,module,Magento_AdvancedSearch
"Search Suggestions Count",搜索建議數,module,Magento_AdvancedSearch
"Show Results Count for Each Suggestion",顯示每個建議的結果數,module,Magento_AdvancedSearch
ID,編號,module,Magento_AdvancedSearch
"Search Query",搜尋查詢,module,Magento_AdvancedSearch
Store,商店,module,Magento_AdvancedSearch
Results,結果,module,Magento_AdvancedSearch
Uses,使用,module,Magento_AdvancedSearch
"Redirect URL",重定向超連結,module,Magento_AdvancedSearch
"Suggested Term",建議的條件,module,Magento_AdvancedSearch
Yes,確定,module,Magento_AdvancedSearch
No,否,module,Magento_AdvancedSearch
Action,操作,module,Magento_AdvancedSearch
Edit,編輯,module,Magento_AdvancedSearch
"RPC call failed, connection timed out after %time_out.","RPC 調用失敗，連接 %time_out 後逾時。",module,Magento_Amqp
"Message has been rejected: %1","被拒絕的信息︰ %1",module,Magento_Amqp
"Error while checking if topic is synchronous",檢查主題是否同步時出錯,module,Magento_Amqp
"Subscription status",訂閱狀態,module,Magento_Analytics
"Sorry, there has been an error processing your request. Please try again later.",對不起，在處理您的請求時出現錯誤。請稍後重試。,module,Magento_Analytics
"There was an error save new configuration value.",保存新配值時出現錯誤。,module,Magento_Analytics
"--Please Select--",-請選擇-,module,Magento_Analytics
"Command was not found.",找不到命令。,module,Magento_Analytics
TestMessage,測試訊息,module,Magento_Analytics
"Apps and Games",應用程式和遊戲,module,Magento_Analytics
"Athletic/Sporting Goods",體育/運動用品,module,Magento_Analytics
"Art and Design",藝術與設計,module,Magento_Analytics
Analytics,分析,module,Magento_Analytics
API,API,module,Magento_Analytics
Configuration,配置,module,Magento_Analytics
Back,返回,module,Magento_AsynchronousOperations
Done,完成,module,Magento_AsynchronousOperations
Retry,重試,module,Magento_AsynchronousOperations
"%1 item(s) have been scheduled for update.""","%1 項目已經安排更新。""",module,Magento_AsynchronousOperations
"Bulk Actions Log",批量操作記錄,module,Magento_AsynchronousOperations
"%1 item(s) are currently being updated.",%1項目正在更新。,module,Magento_AsynchronousOperations
"%1 item(s) have been scheduled for update.","%1 項目已經安排更新。",module,Magento_AsynchronousOperations
"%1 item(s) have been successfully updated.","%1 項目已成功更新。",module,Magento_AsynchronousOperations
"%1 item(s) failed to update","%1 項目更新失敗",module,Magento_AsynchronousOperations
Details,詳細資料,module,Magento_AsynchronousOperations
"View Details",檢視詳細資料,module,Magento_AsynchronousOperations
Dismiss,忽略,module,Magento_AsynchronousOperations
"%1 items selected for mass update","大規模更新%1 項目",module,Magento_AsynchronousOperations
", %1 successfully updated","%1 已成功更新",module,Magento_AsynchronousOperations
", %1 failed to update","%1 更新失敗",module,Magento_AsynchronousOperations
"Something went wrong.",發生錯誤,module,Magento_AsynchronousOperations
"Action Log",操作記錄,module,Magento_AsynchronousOperations
"Bulk Actions",批量操作,module,Magento_AsynchronousOperations
"Credit Card: xxxx-%1","信用卡︰ xxxx-%1",module,Magento_Authorizenet
"amount %1","金額 %1",module,Magento_Authorizenet
failed.,失敗。,module,Magento_Authorizenet
successful.,成功。,module,Magento_Authorizenet
"Authorize.Net Transaction ID %1.","Authorize.Net 交易記錄 ID %1。",module,Magento_Authorizenet
authorize,授權,module,Magento_Authorizenet
"authorize and capture",授權和提取,module,Magento_Authorizenet
capture,提取,module,Magento_Authorizenet
refund,退款,module,Magento_Authorizenet
void,無效,module,Magento_Authorizenet
"Gateway error: %1","閘道錯誤: %1",module,Magento_Authorizenet
"Something went wrong in the payment gateway.",支付閘道錯誤,module,Magento_Authorizenet
"Invalid amount for capture.",提取的金額無效。,module,Magento_Authorizenet
"Payment capturing error.",提取付款時出現錯誤。,module,Magento_Authorizenet
"Invalid transaction ID.",無效的交易號碼,module,Magento_Authorizenet
"Payment voiding error.",支付無效,module,Magento_Authorizenet
"Invalid amount for refund.",退款金額無效。,module,Magento_Authorizenet
"Payment refunding error.",退款錯誤,module,Magento_Authorizenet
"The transaction was declined because the response hash validation failed.",回應的hash認證失敗，拒絕交易,module,Magento_Authorizenet
"This payment didn't work out because we can't find this order.",這筆付款項無效，因為我們找不到此訂單。,module,Magento_Authorizenet
"There was a payment authorization error.",出現了一個付款授權錯誤。,module,Magento_Authorizenet
"Please enter a transaction ID to authorize this payment.",請輸入要授權付款的交易編號。,module,Magento_Authorizenet
"Something went wrong: the paid amount doesn't match the order amount. Please correct this and try again.","發生錯誤 ︰ 已付的金額與訂單額不符。請更正此錯誤，然後重試。",module,Magento_Authorizenet
"Transaction %1 has been approved. Amount %2. Transaction status is ""%3""","交易%1已獲得批准。 金額%2。 交易狀態為“%3”",module,Magento_Authorizenet
"Transaction %1 has been voided/declined. Transaction status is ""%2"". Amount %3.","交易%1無效/被拒絕。 交易狀態為“%2”。 金額%3。",module,Magento_Authorizenet
"Authorize Only",僅授權,module,Magento_Authorizenet
"Authorize and Capture",授權和提取,module,Magento_Authorizenet
"Credit Card Type",信用卡類型,module,Magento_Authorizenet
"Please Select",請選擇,module,Magento_Authorizenet
"Credit Card Number",信用卡卡號,module,Magento_Authorizenet
"Expiration Date",到期日期,module,Magento_Authorizenet
"Card Verification Number",信用卡驗證號碼,module,Magento_Authorizenet
"Fraud Detection",欺詐檢測,module,Magento_Authorizenet
"FDS Filter Action","FDS 篩選器操作",module,Magento_Authorizenet
"AVS Response",AVS地址驗證服務,module,Magento_Authorizenet
"Card Code Response",卡代碼回應,module,Magento_Authorizenet
"CAVV Response","CAVV 回應",module,Magento_Authorizenet
"Fraud Filters",欺詐行為篩檢程式,module,Magento_Authorizenet
"Place Order",確認訂單,module,Magento_Authorizenet
"Sorry, but something went wrong. Please contact the seller.","對不起，出了問題。 請聯繫賣家。",module,Magento_Authorizenet
"Authorize.net Direct Post","Authorize.net 直接付款",module,Magento_Authorizenet
Enabled,啟用,module,Magento_Authorizenet
"Payment Action",付款操作,module,Magento_Authorizenet
Title,標題,module,Magento_Authorizenet
"API Login ID","API 的登入識別碼",module,Magento_Authorizenet
"Transaction Key",交易金鑰,module,Magento_Authorizenet
"Merchant MD5","商戶 MD5",module,Magento_Authorizenet
"New Order Status",新訂單狀態,module,Magento_Authorizenet
"Test Mode",測試模式,module,Magento_Authorizenet
"Gateway URL",閘道網址,module,Magento_Authorizenet
"Transaction Details URL","交易明細 URL",module,Magento_Authorizenet
"Accepted Currency",接受的貨幣,module,Magento_Authorizenet
Debug,除錯,module,Magento_Authorizenet
"Email Customer",電郵客戶,module,Magento_Authorizenet
"Merchant's Email",商戶的電子郵件,module,Magento_Authorizenet
"Credit Card Types",信用卡類型,module,Magento_Authorizenet
"Credit Card Verification",信用卡驗證,module,Magento_Authorizenet
"Payment from Applicable Countries",適用國家的付款,module,Magento_Authorizenet
"Payment from Specific Countries",特定國家的付款,module,Magento_Authorizenet
"Minimum Order Total",最小訂單總數,module,Magento_Authorizenet
"Maximum Order Total",最大訂單總計,module,Magento_Authorizenet
"Sort Order",訂單排序,module,Magento_Authorizenet
Close,關閉,module,Magento_B2b
options,選項,module,Magento_B2b
"Select all",全部選取,module,Magento_B2b
"Deselect all",取消全選,module,Magento_B2b
Cancel,取消,module,Magento_B2b
Done,完成,module,Magento_B2b
"Please Select",請選擇,module,Magento_B2b
"%s of %s selected","%s %s 已選中",module,Magento_B2b
"B2B Features","B2B 特點",module,Magento_B2b
"Invalid Form Key. Please refresh the page.",無效表單金鑰，請刷新頁面。,module,Magento_Backend
"You entered an invalid Secret Key. Please refresh the page.",輸入的金鑰不正確，請刷新此頁面。,module,Magento_Backend
"Cache Storage Management",緩存記憶管理,module,Magento_Backend
"Flush Magento Cache",清空Magento緩存,module,Magento_Backend
"The cache storage may contain additional data. Are you sure that you want to flush it?",緩存記憶可能包含其他資料，確定清空？,module,Magento_Backend
"Flush Cache Storage",清空緩存記憶,module,Magento_Backend
Invalidated,無效,module,Magento_Backend
Orders,訂單,module,Magento_Backend
Amounts,金額,module,Magento_Backend
Bestsellers,暢銷產品,module,Magento_Backend
"Most Viewed Products",最受歡迎的產品,module,Magento_Backend
"New Customers",新客戶,module,Magento_Backend
Customers,客戶,module,Magento_Backend
Customer,客戶,module,Magento_Backend
Guest,訪客,module,Magento_Backend
Items,項目,module,Magento_Backend
Total,合計,module,Magento_Backend
"Lifetime Sales",累計銷售,module,Magento_Backend
"Average Order",平均訂單量,module,Magento_Backend
Average,平均值,module,Magento_Backend
Product,產品,module,Magento_Backend
Price,價格,module,Magento_Backend
Quantity,數量,module,Magento_Backend
Views,點擊率,module,Magento_Backend
Revenue,收入,module,Magento_Backend
Tax,稅金,module,Magento_Backend
Shipping,物流,module,Magento_Backend
"Images (.gif, .jpg, .png)",圖片（.gif、.jpg、.png）,module,Magento_Backend
"Media (.avi, .flv, .swf)",媒體（.avi、.flv，.swf）,module,Magento_Backend
"All Files",所有檔案,module,Magento_Backend
"Reset to Default",重設為預設值,module,Magento_Backend
"All Store Views",所有店面,module,Magento_Backend
"What is this?",這是怎麽？,module,Magento_Backend
"Save Account",儲存帳戶,module,Magento_Backend
"My Account",我的帳戶,module,Magento_Backend
"Account Information",帳戶資訊,module,Magento_Backend
"User Name",使用者名稱,module,Magento_Backend
"First Name",名字,module,Magento_Backend
"Last Name",姓氏,module,Magento_Backend
Email,電郵,module,Magento_Backend
"User Email",使用者電郵,module,Magento_Backend
"New Password",新密碼,module,Magento_Backend
"Password Confirmation",密碼確認,module,Magento_Backend
"Interface Locale",介面地區設定,module,Magento_Backend
"Current User Identity Verification",當前使用者身份驗證,module,Magento_Backend
"Your Password",您的密碼,module,Magento_Backend
"Save Cache Settings",儲存緩存設定,module,Magento_Backend
"Catalog Rewrites",目錄重寫,module,Magento_Backend
Refresh,重新整理,module,Magento_Backend
"Images Cache",圖片緩存,module,Magento_Backend
Clear,清除,module,Magento_Backend
"Description of Operation",操作說明,module,Magento_AsynchronousOperations
Summary,概要,module,Magento_AsynchronousOperations
"Start Time",開始時間,module,Magento_AsynchronousOperations
"Items to Retry",重試項目,module,Magento_AsynchronousOperations
"To retry, select the items and click “Retry”.","要重試，請選中該項目，按一下""重試""。",module,Magento_AsynchronousOperations
"Items That Can’t Be Updated.",不能更新的項目。,module,Magento_AsynchronousOperations
ID,編號,module,Magento_AsynchronousOperations
Status,狀態,module,Magento_AsynchronousOperations
"Meta Information",元資訊,module,Magento_AsynchronousOperations
Error,錯誤,module,Magento_AsynchronousOperations
"Dismiss All Completed Tasks",關閉所有已完成的任務,module,Magento_AsynchronousOperations
"Action Details - #",操作詳細資訊-#,module,Magento_AsynchronousOperations
"Number of Records Affected",受影響的記錄數目,module,Magento_AsynchronousOperations
"Something went wrong while compiling a list of allowed resources. You can find out more in the exceptions log.",編譯允許的資源列表時出錯。您可以在例外日誌中找到更多內容。,module,Magento_Authorization
"You created the order.",您建立了訂單。,module,Magento_Authorizenet
"Order saving error: %1",訂單保存錯誤：%1,module,Magento_Authorizenet
"Please choose a payment method.",請選擇您的付款方式。,module,Magento_Authorizenet
"We can't process your order right now. Please try again later.",我們現在無法處理您的訂單。請稍後再試。,module,Magento_Authorizenet
"Search Index",搜尋索引,module,Magento_Backend
Rebuild,重建,module,Magento_Backend
"Inventory Stock Status",庫存狀態,module,Magento_Backend
"Rebuild Catalog Index",重建產品索引,module,Magento_Backend
"Rebuild Flat Catalog Category",重建平面類別,module,Magento_Backend
"Rebuild Flat Catalog Product",重建平面產品,module,Magento_Backend
"Cache Control",緩存控制,module,Magento_Backend
"All Cache",所有緩存,module,Magento_Backend
"No change",沒有變更,module,Magento_Backend
Disable,停用,module,Magento_Backend
Enable,啟用,module,Magento_Backend
"Add Design Change",新增設計修正,module,Magento_Backend
Back,返回,module,Magento_Backend
Delete,刪除,module,Magento_Backend
"Are you sure?",您確定嗎？,module,Magento_Backend
Save,儲存,module,Magento_Backend
"Edit Design Change",編輯設計修正,module,Magento_Backend
"New Store Design Change",新店設計修正,module,Magento_Backend
"General Settings",一般設定,module,Magento_Backend
Store,商店,module,Magento_Backend
"-- Please Select --","-- 請選擇 --",module,Magento_Backend
"Custom Design",自訂設計,module,Magento_Backend
"Date From",從日期,module,Magento_Backend
"Date To",到日期,module,Magento_Backend
"Design Change",設計修正,module,Magento_Backend
General,一般,module,Magento_Backend
Cancel,取消,module,Magento_Backend
"Delete %1 '%2'","刪除 %1 '%2'",module,Magento_Backend
"Delete %1","刪除 %1",module,Magento_Backend
"Block Information",區塊資訊,module,Magento_Backend
"Backup Options",備份選項,module,Magento_Backend
No,否,module,Magento_Backend
Yes,是,module,Magento_Backend
"Create DB Backup",創建資料庫備份,module,Magento_Backend
"Delete Store",刪除商店,module,Magento_Backend
"Delete Web Site",刪除網站,module,Magento_Backend
"Save Web Site",儲存網站,module,Magento_Backend
"Save Store",儲存商店,module,Magento_Backend
"Save Store View",儲存店面,module,Magento_Backend
"Delete Store View",刪除店面,module,Magento_Backend
"Edit Web Site",編輯網站,module,Magento_Backend
"New Web Site",新增網站,module,Magento_Backend
"Edit Store",編輯商店,module,Magento_Backend
"New Store",新增商店,module,Magento_Backend
"Edit Store View",編輯店面,module,Magento_Backend
"New Store View",新增店面,module,Magento_Backend
"Store Information",商店資訊,module,Magento_Backend
"Web Site",網站,module,Magento_Backend
Name,名稱,module,Magento_Backend
Code,代號,module,Magento_Backend
"Root Category",根類別,module,Magento_Backend
"Default Store View",預設店面,module,Magento_Backend
"Store View Information",店面資訊,module,Magento_Backend
Status,狀態,module,Magento_Backend
Disabled,停用,module,Magento_Backend
Enabled,啟用,module,Magento_Backend
"Sort Order",排序,module,Magento_Backend
"Web Site Information",網站資訊,module,Magento_Backend
"Default Store",預設商店,module,Magento_Backend
"Set as Default",設為預設,module,Magento_Backend
Stores,商店,module,Magento_Backend
"Create Website",創建網站,module,Magento_Backend
"Create Store",創建商店,module,Magento_Backend
"Create Store View",創建店面,module,Magento_Backend
Home,首頁,module,Magento_Backend
Reset,重設,module,Magento_Backend
"Are you sure you want to do this?",你確定要這樣做？,module,Magento_Backend
label,標籤,module,Magento_Backend
"Add New Image",新增圖片,module,Magento_Backend
"Export block for grid %1 is not defined","未定義網格 %1 的匯出區塊",module,Magento_Backend
"Reset Filter",重設篩選,module,Magento_Backend
Search,搜尋,module,Magento_Backend
Any,任何,module,Magento_Backend
"All Countries",所有國家,module,Magento_Backend
From,由,module,Magento_Backend
To,至,module,Magento_Backend
"Date selector",選擇日期,module,Magento_Backend
"[ deleted ]",[已刪除],module,Magento_Backend
"Select All",全選,module,Magento_Backend
[deleted],[已刪除],module,Magento_Backend
"We couldn't find any records.",我們找不到任何記錄。,module,Magento_Backend
"Add New",新增,module,Magento_Backend
"Invalid export type supplied for grid export block",網格匯出區塊指定了無效的匯出類型,module,Magento_Backend
Export,匯出,module,Magento_Backend
"Please correct the column format and try again.",請更正欄位格式然後再試。,module,Magento_Backend
Submit,提交,module,Magento_Backend
"Unknown block type",未知的區塊類型,module,Magento_Backend
"Please correct the tab configuration and try again. Tab Id should be not empty",請更正分頁配置然後重試，分頁編號不能為空。,module,Magento_Backend
"Please correct the tab configuration and try again.",請更正分頁配置然後重試。,module,Magento_Backend
"You have logged out.",您已登出。,module,Magento_Backend
"The image cache was cleaned.",已清空圖像緩存。,module,Magento_Backend
"An error occurred while clearing the image cache.",清空圖像緩存時出錯。,module,Magento_Backend
"The JavaScript/CSS cache has been cleaned.",已清理JavaScript/CSS緩存。,module,Magento_Backend
"An error occurred while clearing the JavaScript/CSS cache.",清理JavaScript/CSS緩存時出錯。,module,Magento_Backend
"The static files cache has been cleaned.",已清理靜態檔緩存。,module,Magento_Backend
"You flushed the cache storage.",你已清空緩存記憶。,module,Magento_Backend
"The Magento cache storage has been flushed.",已清空Magento緩存記憶。,module,Magento_Backend
"Cache Management",緩存管理,module,Magento_Backend
"You can't change status of cache type(s) in production mode",在生產環境中不能更改緩存類型,module,Magento_Backend
"%1 cache type(s) disabled.","%1 種緩存類型已被停用。",module,Magento_Backend
"An error occurred while disabling cache.",停用緩存時出錯。,module,Magento_Backend
"%1 cache type(s) enabled.","已啟用 %1 個緩存類型。",module,Magento_Backend
"An error occurred while enabling cache.",啟用緩存時出錯。,module,Magento_Backend
"%1 cache type(s) refreshed.","已刷新 %1 個緩存類型。",module,Magento_Backend
"An error occurred while refreshing cache.",刷新緩存時出錯。,module,Magento_Backend
Dashboard,總覽,module,Magento_Backend
"We updated lifetime statistic.",我們更新了壽命統計。,module,Magento_Backend
"We can't refresh lifetime statistics.",我們不能更新終生統計。,module,Magento_Backend
"invalid request",無效的請求,module,Magento_Backend
"see error log for details",詳請參閱錯誤日誌,module,Magento_Backend
"Service unavailable: %1","服務不可用︰ %1",module,Magento_Backend
Error,錯誤,module,Magento_Backend
"Access Denied.",存取被拒。,module,Magento_Backend
"You need more permissions to do this.",你需要更多的權限權來執行此操作。,module,Magento_Backend
"No search modules were registered",沒有註冊搜索模塊,module,Magento_Backend
"Please make sure that all global admin search modules are installed and activated.",請確保所有的全域管理員搜索模組已安裝並啟動。,module,Magento_Backend
"You saved the account.",你已儲存此帳戶。,module,Magento_Backend
"An error occurred while saving account.",儲存帳戶時出錯。,module,Magento_Backend
"You deleted the design change.",你已刪除此設計編輯。,module,Magento_Backend
"You can't delete the design change.",您不能刪除此設計編輯。,module,Magento_Backend
"Store Design",商店設計,module,Magento_Backend
"Edit Store Design Change",儲存商店設計編輯,module,Magento_Backend
"You saved the design change.",你已儲存設計編輯。,module,Magento_Backend
System,系統,module,Magento_Backend
"Manage Stores",管理商店,module,Magento_Backend
"The database was backed up.",資料庫已備份。,module,Magento_Backend
"We can't create a backup right now. Please try again later.",我們現在不能建立一個備份。請稍後再試。,module,Magento_Backend
"Deleting a %1 will not delete the information associated with the %1 (e.g. categories, products, etc.), but the %1 will not be able to be restored. It is suggested that you create a database backup before deleting the %1.","刪除%1並不會刪除與%1相關聯的信息（例如類別，產品等），但%1將無法恢復。 建議您在刪除%1之前創建資料庫備份。",module,Magento_Backend
"Something went wrong. Please try again.",出了錯。請再試一次。,module,Magento_Backend
"This store cannot be deleted.",不能刪除此商店。,module,Magento_Backend
"You deleted the store.",你已刪除此商店。,module,Magento_Backend
"Unable to delete the store. Please try again later.",無法刪除商店，請稍後再試。,module,Magento_Backend
"This store view cannot be deleted.",不能刪除此店面。,module,Magento_Backend
"Store View",店面,module,Magento_Backend
"You deleted the store view.",你已刪除此店面。,module,Magento_Backend
"Unable to delete the store view. Please try again later.",無法刪除店面，請稍後再試。,module,Magento_Backend
"This website cannot be deleted.",不能刪除此網站。,module,Magento_Backend
"You deleted the website.",你已刪除此網站。,module,Magento_Backend
"Unable to delete the website. Please try again later.",無法刪除網站，請稍後再試。,module,Magento_Backend
"The website does not exist.",網站不存在。,module,Magento_Backend
"Before modifying the website code please make sure it is not used in index.php.","修改網站代碼前請確保它不用在 index.php 中。",module,Magento_Backend
"The store does not exist",商店不存在,module,Magento_Backend
"Store view doesn't exist",店面不存在,module,Magento_Backend
"Before modifying the store view code please make sure it is not used in index.php.","修改店面代碼前請確保它不用在 index.php 中。",module,Magento_Backend
New,新增,module,Magento_Backend
"All Stores",所有商店,module,Magento_Backend
"You saved the website.",你已儲存網站。,module,Magento_Backend
"The default store cannot be disabled",預設商店不能被停用,module,Magento_Backend
"You saved the store view.",您已儲存店面。,module,Magento_Backend
"An inactive store view cannot be saved as default store view",處於非活動狀態店面不能保存為預設店面,module,Magento_Backend
"You saved the store.",你已儲存了商店。,module,Magento_Backend
"Something went wrong while saving. Please review the error log.",儲存時出錯，請查看錯誤日誌。,module,Magento_Backend
"Last 24 Hours","最近 24 小時",module,Magento_Backend
"Last 7 Days","最近 7 天",module,Magento_Backend
"Current Month",這個月,module,Magento_Backend
YTD,本年度,module,Magento_Backend
2YTD,兩年度,module,Magento_Backend
"Authentication storage is incorrect.",不正確的認證記憶。,module,Magento_Backend
Order,訂單,module,Magento_Backend
"Order #%1","訂單 #%1",module,Magento_Backend
"Save &amp; Continue","儲存及繼續",module,Magento_Backend
"Save &amp; Close","儲存及關閉",module,Magento_Backend
"Save &amp; New","儲存及新增",module,Magento_Backend
Edit,修改,module,Magento_Backend
"Welcome, please sign in",歡迎光臨，請先登錄,module,Magento_Backend
Username,帳號,module,Magento_Backend
"user name",使用者名稱,module,Magento_Backend
Password,密碼,module,Magento_Backend
password,密碼,module,Magento_Backend
"Sign in",登入,module,Magento_Backend
"Select Range:",選擇範圍︰,module,Magento_Backend
"No Data Found",找不到資料,module,Magento_Backend
"Chart is disabled. To enable the chart, click <a href=""%1"">here</a>.","圖表已停用。若要啟用圖表，請按 <a href=""%1"">這裡</a>。",module,Magento_Backend
"Last Orders",最新訂單,module,Magento_Backend
"Last Search Terms",最新搜尋,module,Magento_Backend
"Top Search Terms",熱門搜尋,module,Magento_Backend
"There are no search keywords.",沒有搜尋關鍵字。,module,Magento_Backend
"View Statistics For:",查看統計資料︰,module,Magento_Backend
"All Websites",所有網站,module,Magento_Backend
"Reload Data",重新載入資料,module,Magento_Backend
"Browse Files...",瀏覽檔案⋯,module,Magento_Backend
"Copyright &copy; %1 Magento Commerce Inc. All rights reserved.","版權所有 &copy; %1 Magento Commerce Inc. 保留所有權利。",module,Magento_Backend
"ver. %1","版本 %1",module,Magento_Backend
"Magento Admin Panel","Magento 管理面板",module,Magento_Backend
"Account Setting",帳戶設定,module,Magento_Backend
"Customer View",客戶介面,module,Magento_Backend
"Sign Out",登出,module,Magento_Backend
"About the calendar",關於日曆,module,Magento_Backend
Close,關閉,module,Magento_Backend
"Go Today",今天去,module,Magento_Backend
Previous,上一頁,module,Magento_Backend
Next,下一頁,module,Magento_Backend
WK,WK,module,Magento_Backend
Time,時間,module,Magento_Backend
Hour,小時,module,Magento_Backend
Minute,分,module,Magento_Backend
"JavaScript may be disabled in your browser.","您的瀏覽器可能已停用 JavaScript。",module,Magento_Backend
"To use this website you must first enable JavaScript in your browser.","要使用本網站必須首先在您的瀏覽器啟用 JavaScript。",module,Magento_Backend
"This is only a demo store. You can browse and place orders, but nothing will be processed.",這是只是一個演示的商店。您可以瀏覽並下訂單，但將不被處理。,module,Magento_Backend
"Store View:",店面：,module,Magento_Backend
"Stores Configuration",商店設置,module,Magento_Backend
"Please confirm scope switching. All data that hasn't been saved will be lost.",請確認範圍切換。所有未保存的資料將都會丟失。,module,Magento_Backend
"Additional Cache Management",額外的緩存管理,module,Magento_Backend
"Flush Catalog Images Cache",清空產品圖片緩存,module,Magento_Backend
"Pregenerated product images files",預先生成的產品圖片,module,Magento_Backend
"Flush JavaScript/CSS Cache","清空 JavaScript/CSS 緩存",module,Magento_Backend
"Themes JavaScript and CSS files combined to one file","主題 JavaScript 和 CSS 檔合併到一個檔案。",module,Magento_Backend
"Flush Static Files Cache",沖洗靜態檔案快取,module,Magento_Backend
"Preprocessed view files and static files",預先處理的視圖檔和靜態檔,module,Magento_Backend
Catalog,目錄,module,Magento_Backend
JavaScript/CSS,"JavaScript 和 CSS",module,Magento_Backend
"JavaScript/CSS Cache","JavaScript 和 CSS 緩存",module,Magento_Backend
"No records found.",找不到記錄。,module,Magento_Backend
Images,圖片,module,Magento_Backend
"Big Image",大圖像,module,Magento_Backend
Thumbnail,縮圖,module,Magento_Backend
"Additional Settings",附加設置,module,Magento_Backend
"records found",找到的記錄,module,Magento_Backend
selected,已選的,module,Magento_Backend
"per page",每頁,module,Magento_Backend
"Previous page",上一頁,module,Magento_Backend
"Next page",下一頁,module,Magento_Backend
"Export to:",匯出至,module,Magento_Backend
Actions,操作,module,Magento_Backend
"Mass Actions",大規模的操作,module,Magento_Backend
"Unselect All",全部取消選擇,module,Magento_Backend
"Select Visible",選擇可見,module,Magento_Backend
"Unselect Visible",取消選擇可見,module,Magento_Backend
"Changes have been made to this section that have not been saved.",對本節進行的修改尚未保存。,module,Magento_Backend
"This tab contains invalid data. Please resolve this before saving.","此選項卡包含無效數據。 保存前請解決此問題。",module,Magento_Backend
"The information in this tab has been changed.",此選項卡中的資訊已更改。,module,Magento_Backend
Loading...,載入中...,module,Magento_Backend
"We could not detect a size.",我們無法檢測到大小。,module,Magento_Backend
"Allow everything",全部允許,module,Magento_Backend
"Magento Admin","Magento 管理員",module,Magento_Backend
"Global Search",搜尋全部,module,Magento_Backend
Marketing,行銷,module,Magento_Backend
"SEO & Search","SEO 與搜索",module,Magento_Backend
"User Content",使用者內容,module,Magento_Backend
Content,內容,module,Magento_Backend
Elements,元素,module,Magento_Backend
Design,設計,module,Magento_Backend
Schedule,日程表,module,Magento_Backend
Settings,設定,module,Magento_Backend
Attributes,屬性,module,Magento_Backend
"Other Settings",其他設定,module,Magento_Backend
"Data Transfer",檔案傳輸,module,Magento_Backend
"Connect Manager",連線管理員,module,Magento_Backend
"Package Extensions",擴充包,module,Magento_Backend
Tools,工具,module,Magento_Backend
"Web Setup Wizard",網路安裝精靈,module,Magento_Backend
Currency,貨幣,module,Magento_Backend
Communications,通信,module,Magento_Backend
Services,服務,module,Magento_Backend
Advanced,進階,module,Magento_Backend
"Disable Modules Output",停用模組輸出,module,Magento_Backend
"Store Email Addresses",存儲電郵地址,module,Magento_Backend
"Custom Email 1","自訂電郵 1",module,Magento_Backend
"Sender Email",寄件者電郵,module,Magento_Backend
"Sender Name",寄件者名稱,module,Magento_Backend
"Custom Email 2","自訂電郵 2",module,Magento_Backend
"General Contact",一般聯絡人,module,Magento_Backend
"Sales Representative",銷售代表,module,Magento_Backend
"Customer Support",客戶支援,module,Magento_Backend
Developer,開發人員,module,Magento_Backend
Debug,偵錯,module,Magento_Backend
"Enabled Template Path Hints for Storefront",為店面啟用範本路徑提示,module,Magento_Backend
"of %1",%1的,module,Magento_Backend
"Enabled Template Path Hints for Admin",為管理面版啟用範本路徑提示,module,Magento_Backend
"Template Settings",範本設定,module,Magento_Backend
"Allow Symlinks",允許符號連結,module,Magento_Backend
"Warning! Enabling this feature is not recommended on production environments because it represents a potential security risk.",警告！此功能包含潛在安全風險，生產環境不建議啟用。,module,Magento_Backend
"Minify Html",HTMI 簡化,module,Magento_Backend
"Minification is not applied in developer mode.",開發模式不可簡化。,module,Magento_Backend
"Translate Inline",內嵌翻譯,module,Magento_Backend
"Enabled for Storefront",於店面啟用,module,Magento_Backend
"Enabled for Admin",於管理面版啟用,module,Magento_Backend
"Translate, blocks and other output caches should be disabled for both Storefront and Admin inline translations.",店面和管理面版的內嵌翻譯中，應該停用翻譯、區塊和其它輸出緩存。,module,Magento_Backend
"JavaScript Settings","JavaScript 設定",module,Magento_Backend
"Merge JavaScript Files","合併 JavaScript 檔案",module,Magento_Backend
"Enable JavaScript Bundling","啟用 JavaScript 捆綁",module,Magento_Backend
"Minify JavaScript Files","簡化 JavaScript 檔案",module,Magento_Backend
"CSS Settings","CSS 設定",module,Magento_Backend
"Merge CSS Files","合併 CSS 檔案",module,Magento_Backend
"Minify CSS Files","簡化 CSS 檔案",module,Magento_Backend
"Image Processing Settings",圖像處理設定,module,Magento_Backend
"Image Adapter",圖像配接器,module,Magento_Backend
"Static Files Settings",靜態檔設定,module,Magento_Backend
"Sign Static Files",靜態檔案電子簽名,module,Magento_Backend
"Country Options",國家選項,module,Magento_Backend
"Allow Countries",允許國家,module,Magento_Backend
"Default Country",預設國家,module,Magento_Backend
"European Union Countries",歐洲聯盟國家,module,Magento_Backend
"Top destinations",熱門目的地,module,Magento_Backend
"Locale Options",地區設定選項,module,Magento_Backend
Timezone,時區,module,Magento_Backend
Locale,語言,module,Magento_Backend
"First Day of Week",一周的第一天,module,Magento_Backend
"Weekend Days",週末天,module,Magento_Backend
"Store Name",商店名稱,module,Magento_Backend
"Store Phone Number",商店電話號碼,module,Magento_Backend
"Store Hours of Operation",商店上班時間,module,Magento_Backend
Country,國家,module,Magento_Backend
Region/State,地區／國家,module,Magento_Backend
"ZIP/Postal Code",郵遞區號,module,Magento_Backend
City,城市,module,Magento_Backend
"Street Address",首行地址,module,Magento_Backend
"Street Address Line 2",次行地址,module,Magento_Backend
"VAT Number",增值稅號,module,Magento_Backend
"Single-Store Mode",獨立商店模式,module,Magento_Backend
"Enable Single-Store Mode",啟用獨立商店模式,module,Magento_Backend
"This setting will not be taken into account if system has more than one store view.",如系統有多個店面，此設定將被略過。,module,Magento_Backend
"Mail Sending Settings",郵件發送設定,module,Magento_Backend
"Disable Email Communications",停用電郵通訊,module,Magento_Backend
Host,主機,module,Magento_Backend
"Port (25)",連接埠（25）,module,Magento_Backend
"Set Return-Path",設定返回路徑,module,Magento_Backend
"Return-Path Email",返回路徑電郵,module,Magento_Backend
Admin,管理員,module,Magento_Backend
"Admin User Emails",管理員電郵,module,Magento_Backend
"Forgot Password Email Template",忘記密碼電郵範本,module,Magento_Backend
"Email template chosen based on theme fallback when ""Default"" option is selected.",選擇「預設」後，電郵範本將根據佈景主題順序選擇。,module,Magento_Backend
"Forgot and Reset Email Sender",忘記及重設密碼寄件者,module,Magento_Backend
"Startup Page",起始頁面,module,Magento_Backend
"Admin Base URL",管理面版基礎網址,module,Magento_Backend
"Use Custom Admin URL",使用自訂管理面版網址,module,Magento_Backend
"Custom Admin URL",自訂管理面版網址,module,Magento_Backend
"Make sure that base URL ends with '/' (slash), e.g. http://yourdomain/magento/","請確保基礎網址是以 '/' 斜線結尾，例如 http://yourdomain/magento/",module,Magento_Backend
"Use Custom Admin Path",使用自訂管理路徑,module,Magento_Backend
"Custom Admin Path",自訂管理路徑,module,Magento_Backend
"You will have to sign in after you save your custom admin path.",保存您的自定義管理路徑後，您必須重新登錄。,module,Magento_Backend
Security,安全性,module,Magento_Backend
"Recovery Link Expiration Period (hours)",恢復鏈接到期時間（小時）,module,Magento_Backend
"Please enter a number 1 or greater in this field.",請在此欄位中輸入1或更大的數字。,module,Magento_Backend
"Add Secret Key to URLs","將金鑰添加到 Url",module,Magento_Backend
"Login is Case Sensitive",登錄名是區分大小寫,module,Magento_Backend
"Admin Session Lifetime (seconds)","管理會話存留期 （秒）",module,Magento_Backend
"Please enter at least 60 and at most 31536000 (one year).","請輸入至最少 60 和 最多 31536000 （一年）。",module,Magento_Backend
"Enable Charts",啟用圖表,module,Magento_Backend
Web,網頁,module,Magento_Backend
"Url Options","Url 選項",module,Magento_Backend
"Add Store Code to Urls","將店舖代碼添加到 Url",module,Magento_Backend
"Auto-redirect to Base URL",自動導向至基礎網址,module,Magento_Backend
"Search Engine Optimization",搜尋引擎優化,module,Magento_Backend
"Use Web Server Rewrites",使用網站伺服器重寫,module,Magento_Backend
"Base URLs",基礎網址,module,Magento_Backend
"Base URL",基礎網址,module,Magento_Backend
"Specify URL or {{base_url}} placeholder.","指定網址或 {{base_url}} 替代字。",module,Magento_Backend
"Base Link URL",基礎連結網址,module,Magento_Backend
"Base URL for Static View Files",靜態檔案基礎網址,module,Magento_Backend
"May be empty or start with {{unsecure_base_url}} placeholder.","可留空或以 {{unsecure_base_url}} 開始的替代字。",module,Magento_Backend
"Base URL for User Media Files",媒體檔案基礎網址,module,Magento_Backend
"Base URLs (Secure)",基礎網址（加密）,module,Magento_Backend
"Secure Base URL",加密的基礎網址,module,Magento_Backend
"Specify URL or {{base_url}}, or {{unsecure_base_url}} placeholder.","指定網址、{{base_url}} 或 {{unsecure_base_url}} 的替代字。",module,Magento_Backend
"Secure Base Link URL",加密的基礎連結網址,module,Magento_Backend
"Secure Base URL for Static View Files",加密的靜態檔案基礎網址,module,Magento_Backend
"May be empty or start with {{secure_base_url}}, or {{unsecure_base_url}} placeholder.","可留空或以 {{secure_base_url}} 或 {{unsecure_base_url}} 開始的替代字。",module,Magento_Backend
"Secure Base URL for User Media Files",加密的使用者媒體檔案基礎網址,module,Magento_Backend
"Use Secure URLs on Storefront",在店面使用加密網址,module,Magento_Backend
"Use Secure URLs in Admin",在管理面版使用加密網址,module,Magento_Backend
"Enable HTTP Strict Transport Security (HSTS)","啟用 HTTP 強制安全傳輸技術 （HSTS）",module,Magento_Backend
"Upgrade Insecure Requests",升級非加密的請求,module,Magento_Backend
"Offloader header",缷載器標頭,module,Magento_Backend
"Default Pages",預設頁面,module,Magento_Backend
"Default Web URL",預設網址,module,Magento_Backend
"Default No-route URL",預設無路徑網址,module,Magento_Backend
"Session Validation Settings",登錄環節驗證設定,module,Magento_Backend
"Validate REMOTE_ADDR","驗證 REMOTE_ADDR",module,Magento_Backend
"Validate HTTP_VIA","驗證 HTTP_VIA",module,Magento_Backend
"Validate HTTP_X_FORWARDED_FOR","驗證 HTTP_X_FORWARDED_FOR",module,Magento_Backend
"Validate HTTP_USER_AGENT","驗證 HTTP_USER_AGENT",module,Magento_Backend
"Use SID on Storefront","於店面使用 SID",module,Magento_Backend
"Allows customers to stay logged in when switching between different stores.",允許客戶切換商店時保持登入。,module,Magento_Backend
"Cache Type",緩存類型,module,Magento_Backend
Description,描述,module,Magento_Backend
Tags,標籤,module,Magento_Backend
"<h1 class=""page-heading"">404 Error</h1><p>Page not found.</p>","<h1 class=""page-heading"">404 錯誤</h1><p>找不到頁面。</p>",module,Magento_Backend
"Community Edition",社區版,module,Magento_Backend
"Default Theme",預設主題,module,Magento_Backend
"Applied Theme",套用的主題,module,Magento_Backend
"Design Rule",設計規則,module,Magento_Backend
"User Agent Rules",使用者代理規則,module,Magento_Backend
Pagination,分頁,module,Magento_Backend
"How many links to display at once.",一次顯示多少連結。,module,Magento_Backend
"Pagination Frame",分頁框架,module,Magento_Backend
"If current frame position does not cover utmost pages, it renders the link to current position plus/minus this value.",如當前頁數未能包含頂頁／底頁，連結將顯示為當前位置加／減此值。,module,Magento_Backend
"Pagination Frame Skip",跳頁數量,module,Magento_Backend
"Alternative text for the previous pages link in the pagination menu. If empty, the default arrow image is used.",在分頁功能表的上一個頁連結中，如果替代文字留空，將使用默認的箭頭圖像。,module,Magento_Backend
"Anchor Text for Previous",上頁的連結文字,module,Magento_Backend
"Alternative text for the next pages link in the pagination menu. If empty, default arrow image is used.",在分頁功能表的下一個頁連結中，如果替代文字留空，將使用默認的箭頭圖像。,module,Magento_Backend
"Anchor Text for Next",下一張的錨文本,module,Magento_Backend
"Theme Name",主題名稱,module,Magento_Backend
"System Backup",系統備份,module,Magento_Backup
"Database and Media Backup",資料庫和媒體備份,module,Magento_Backup
"Database Backup",資料庫備份,module,Magento_Backup
"The archive can be uncompressed with <a href=""%1"">%2</a> on Windows systems.","可以在Windows系統上使用<a href=""%1"">％2 </a>解壓縮歸檔。",module,Magento_Backup
"You need more permissions to activate maintenance mode right now.",你現在需要更多的權限來啟動維護模式。,module,Magento_Backup
"To create the backup, please deselect ""Put store into maintenance mode"" or update your permissions.","若要創建備份，請取消選擇""置於維護模式存儲""，或更新您的權限。",module,Magento_Backup
"Something went wrong while putting your store into maintenance mode.",將商店置於維護模式時出錯。,module,Magento_Backup
"You need more free space to create a backup.",你需要更多的可用空間來創建備份。,module,Magento_Backup
"You need more permissions to create a backup.",你需要更多的權限來創建一個備份。,module,Magento_Backup
"We can't create the backup right now.",我們現在無法建立備份。,module,Magento_Backup
Backups,備份,module,Magento_Backup
System,系統,module,Magento_Backup
Tools,工具,module,Magento_Backup
Backup,備份,module,Magento_Backup
"We can't delete one or more backups.",我們不能刪除一個或多個備份。,module,Magento_Backup
failed,失敗,module,Magento_Backup
successful,成功。,module,Magento_Backup
"You deleted the selected backup(s).",刪除所選的備份。,module,Magento_Backup
"Can't load snapshot archive",無法載入快照存檔,module,Magento_Backup
"Please correct the password.",請更正密碼。,module,Magento_Backup
"To complete the rollback, please deselect ""Put store into maintenance mode"" or update your permissions.",要完成回滾，請取消“將商店置於維護模式”或更新您的權限。,module,Magento_Backup
"We can't find the backup file.",我們找不到備份檔案。,module,Magento_Backup
"We can't connect to the FTP right now.","我們現在無法連接到 FTP。",module,Magento_Backup
"Failed to validate FTP.","驗證 FTP 失敗。",module,Magento_Backup
"You need more permissions to perform a rollback.",您需要更多權限才能執行回滾。,module,Magento_Backup
"Failed to rollback.",無法回滾。,module,Magento_Backup
Database,資料庫,module,Magento_Backup
"Database and Media",資料庫和媒體,module,Magento_Backup
"System (excluding Media)","系統 （不含媒體）",module,Magento_Backup
"You created the system backup.",您創建了系統備份。,module,Magento_Backup
"You created the system backup (excluding media).","你創建了系統備份 （不包括媒體）。",module,Magento_Backup
"You created the database and media backup.",您創建了資料庫和媒體備份。,module,Magento_Backup
"You created the database backup.",您創建了資料庫備份。,module,Magento_Backup
"Please correct the order of creation for a new backup.",請更正新備份的創建順序。,module,Magento_Backup
"The backup file does not exist.",備份檔案不存在。,module,Magento_Backup
"The backup file path was not specified.",未指定備份文件路徑。,module,Magento_Backup
"The backup file ""%1"" does not exist.","備份檔案""%1""不存在。",module,Magento_Backup
"Sorry, but we cannot read from or write to backup file ""%1"".","抱歉，我們不能讀取或寫入備份文件""%1""。",module,Magento_Backup
"The backup file handler was unspecified.",備份文件處理程序未指定。,module,Magento_Backup
"Something went wrong while writing to the backup file ""%1"".",寫入備份文件“%1”時發生錯誤。,module,Magento_Backup
"We can't save the Cron expression.","我們不能儲存 Cron 運算式。",module,Magento_Backup
"Backup functionality is disabled","Backup functionality is disabled",module,Magento_Backup
"You will lose any data created since the backup was made, including admin users, customers and orders.",您將丟失備份後創建的任何數據，包括管理員用戶，客戶和訂單。,module,Magento_Backup
"Are you sure you want to continue?",你確定要繼續嗎？,module,Magento_Backup
"This may take a few moments.",這可能需要幾分鐘。,module,Magento_Backup
"Be sure your store is in maintenance mode during backup.",在備份期間，請確保您的商店處於維護模式。,module,Magento_Backup
"Backup Name",備份名稱,module,Magento_Backup
"Please use only letters (a-z or A-Z), numbers (0-9) or spaces in this field.","請在此欄位中使用字母 （a 到 z 或 A 到 Z），數位 (0-9) 或空格。",module,Magento_Backup
"Maintenance mode",維護模式,module,Magento_Backup
"Please put your store into maintenance mode during backup.",請在備份期間將您的商店置於維護模式。,module,Magento_Backup
Exclude,排除,module,Magento_Backup
"Exclude media folder from backup",從備份中排除媒體檔案夾,module,Magento_Backup
"Wish List",願望清單,module,Magento_Wishlist
"Wish List Sharing",分享願望清單,module,Magento_Wishlist
"My Wish List",我的願望清單,module,Magento_Wishlist
"Add Tax",新增稅項,module,Magento_Weee
"Delete Tax",刪除稅項,module,Magento_Weee
"All Websites",所有網站,module,Magento_Weee
Back,上一步,module,Magento_User
Reset,重置,module,Magento_User
"Invalid store parameter.",無效的存儲參數。,module,Magento_Store
"Tracking information must contain title, carrier code, and tracking number",追踪訊息必須包含標題，運營商代碼和追蹤號碼。,module,Magento_Shipping
"We couldn't logout because of an error.",由於發生錯誤，我們不能登出。,module,Magento_Security
"Apply filters in order to get results. Only first 100 records will be displayed in the grid, you will be able to download full version of the report in .csv format.","應用篩選器以獲得結果。 網格中只會顯示前100條記錄，您將能夠以.csv格式下載完整的報告。",module,Magento_Braintree
Select...,選擇…,module,Magento_Braintree
Status,狀態,module,Magento_Braintree
"Transaction Type",交易類型,module,Magento_Braintree
"Payment Type",付款類型,module,Magento_Braintree
"PayPal Payment ID","PayPal 付款編號",module,Magento_Braintree
"Created At",新增於,module,Magento_Braintree
"Transaction ID",交易編號,module,Magento_Braintree
"Order ID",訂單編號,module,Magento_Braintree
Type,類型,module,Magento_Braintree
Amount,金額,module,Magento_Braintree
"Settlement Code",結算代碼,module,Magento_Braintree
"Settlement Response Text",結算回應文本,module,Magento_Braintree
"Refund Ids","退款 Ids",module,Magento_Braintree
"Settlement Batch ID",結算批次編號,module,Magento_Braintree
Currency,貨幣,module,Magento_Braintree
Country,國家,module,Magento_BraintreeTwo
"Allowed Credit Card Types",允許的信用卡類型,module,Magento_BraintreeTwo
"Add Rule",新增規則,module,Magento_BraintreeTwo
"Braintree Settlement Report","Braintree 結算報告",module,Magento_BraintreeTwo
"Sorry, but something went wrong",對不起，出了問題。,module,Magento_BraintreeTwo
"We can\'t initialize checkout.",我們不能初始化結帳。,module,Magento_BraintreeTwo
"No authorization transaction to proceed capture.",沒有已授權交易來進行提取。,module,Magento_BraintreeTwo
"Braintree error response.","Braintree 回應錯誤。",module,Magento_BraintreeTwo
"Payment method nonce can\'t be retrieved.",付款方式無法檢索。,module,Magento_BraintreeTwo
"Wrong transaction status",錯誤的交易狀態,module,Magento_BraintreeTwo
Authorize,授權,module,Magento_BraintreeTwo
"Authorize and Capture",授權和提取,module,Magento_BraintreeTwo
"--Please Select--",-請選擇-,module,Magento_BraintreeTwo
"Please agree to all the terms and conditions before placing the order.",請在提交訂單之前同意所有條款及條件。,module,Magento_BraintreeTwo
"Paypal account","PayPal 帳戶",module,Magento_BraintreeTwo
"Coinbase account","Coinbase 帳戶",module,Magento_BraintreeTwo
"Europe bank account",歐洲銀行帳戶,module,Magento_BraintreeTwo
"Credit card",信用卡,module,Magento_BraintreeTwo
"Apple pay card","Apple Pay 卡",module,Magento_BraintreeTwo
"Android pay card","Android Pay 卡",module,Magento_BraintreeTwo
"Authorization expired",授權過期,module,Magento_BraintreeTwo
Authorizing,授權中,module,Magento_BraintreeTwo
Authorized,已授權,module,Magento_BraintreeTwo
"Gateway rejected",閘道拒絕,module,Magento_BraintreeTwo
Failed,失敗,module,Magento_BraintreeTwo
"Processor declined",處理器拒絕,module,Magento_BraintreeTwo
Settled,已結算,module,Magento_BraintreeTwo
Settling,結算中,module,Magento_BraintreeTwo
"Submitted for settlement",送出結算資料,module,Magento_BraintreeTwo
Voided,作廢,module,Magento_BraintreeTwo
Unrecognized,無法識別,module,Magento_BraintreeTwo
"Settlement declined",結算拒絕,module,Magento_BraintreeTwo
"Settlement pending",等待結算,module,Magento_BraintreeTwo
"Settlement confirmed",結算確認,module,Magento_BraintreeTwo
Sale,促銷,module,Magento_BraintreeTwo
Credit,積分,module,Magento_BraintreeTwo
"Credit Card Type",信用卡類型,module,Magento_BraintreeTwo
"Credit Card Number",信用卡卡號,module,Magento_BraintreeTwo
"Please, enter valid Credit Card Number",請輸入有效的信用卡號碼,module,Magento_BraintreeTwo
"Expiration Date",到期日期,module,Magento_BraintreeTwo
"Please, enter valid Expiration Date",請輸入有效的到期日期,module,Magento_BraintreeTwo
"Card Verification Number",信用卡驗證號碼,module,Magento_BraintreeTwo
"Please, enter valid Card Verification Number",請輸入有效的信用卡驗證號碼,module,Magento_BraintreeTwo
ending,結束,module,Magento_BraintreeTwo
expires,到期,module,Magento_BraintreeTwo
"Credit Card Information",信用卡資訊,module,Magento_BraintreeTwo
"What is this?",這是什麽？,module,Magento_BraintreeTwo
"Save for later use.",保存供以後使用。,module,Magento_BraintreeTwo
"Place Order",確認訂單,module,Magento_BraintreeTwo
"This payment is not available",這筆付款不可用,module,Magento_BraintreeTwo
"Please try again with another form of payment.",請以其他付款方式再試一次。,module,Magento_BraintreeTwo
"Sorry, but something went wrong.",對不起，出了問題。,module,Magento_BraintreeTwo
"Enable this Solution",啟用此解決方案,module,Magento_BraintreeTwo
"Enable PayPal through Braintree","准許 Paypal 透過 Braintree",module,Magento_BraintreeTwo
"Basic BraintreeTwo Settings","基本的 BraintreeTwo 設置",module,Magento_BraintreeTwo
Title,標題,module,Magento_BraintreeTwo
Environment,環境,module,Magento_BraintreeTwo
"Payment Action",付款操作,module,Magento_BraintreeTwo
"Merchant ID","商戶 ID",module,Magento_BraintreeTwo
"Public Key",公開金鑰,module,Magento_BraintreeTwo
"Private Key",私人金鑰,module,Magento_BraintreeTwo
"Advanced Braintree Settings","進階 Merchant 設置",module,Magento_BraintreeTwo
"Merchant Account ID","商戶帳戶 ID",module,Magento_BraintreeTwo
"Advanced Fraud Protection",進階的防欺詐保護,module,Magento_BraintreeTwo
Debug,除錯,module,Magento_BraintreeTwo
"CVV Verification","CVV 驗證",module,Magento_BraintreeTwo
"Credit Card Types",信用卡類型,module,Magento_BraintreeTwo
"Sort Order",訂單排序,module,Magento_BraintreeTwo
"Country Specific Settings",國家/地區特定設置,module,Magento_BraintreeTwo
"Payment from Applicable Countries",適用國家的付款,module,Magento_BraintreeTwo
"Payment from Specific Countries",特定國家的付款,module,Magento_BraintreeTwo
"Country Specific Credit Card Types",國家特定的信用卡類型,module,Magento_BraintreeTwo
"PayPal through Braintree","Paypal 透過 Braintree",module,Magento_BraintreeTwo
"Override Merchant Name",重寫商戶名稱,module,Magento_BraintreeTwo
"Require Customer's Billing Address",需要客戶的帳單地址,module,Magento_BraintreeTwo
"Allow to Edit Shipping Address Entered During Checkout on PayPal Side","允許編輯在 PayPal 結帳時輸入的送貨地址",module,Magento_BraintreeTwo
"Display on Shopping Cart",在購物車上的顯示,module,Magento_BraintreeTwo
"3D Secure Verification Settings","3D 安全驗證設置",module,Magento_BraintreeTwo
"3D Secure Verification","3D 安全驗證",module,Magento_BraintreeTwo
"Threshold Amount",門檻金額,module,Magento_BraintreeTwo
"Verify for Applicable Countries",驗證適用的國家,module,Magento_BraintreeTwo
"Verify for Specific Countries",驗證特定的國家,module,Magento_BraintreeTwo
"Apply filters in order to get results. Only first 100 records will be displayed in the grid, you will be able to download full version of the report in .csv format.","應用篩選器以獲得結果。 網格中只會顯示前100條記錄，您將能夠以.csv格式下載完整的報告。",module,Magento_BraintreeTwo
Select...,選擇…,module,Magento_BraintreeTwo
Status,狀態,module,Magento_BraintreeTwo
"Transaction Type",交易類型,module,Magento_BraintreeTwo
"PayPal Payment ID","PayPal 付款編號",module,Magento_BraintreeTwo
"Transaction ID",交易編號,module,Magento_BraintreeTwo
"Order ID",訂單編號,module,Magento_BraintreeTwo
"Payment Type",付款類型,module,Magento_BraintreeTwo
Type,類型,module,Magento_BraintreeTwo
"Created At",新增於,module,Magento_BraintreeTwo
Amount,金額,module,Magento_BraintreeTwo
"Settlement Code",結算代碼,module,Magento_BraintreeTwo
"Settlement Response Text",結算回應文本,module,Magento_BraintreeTwo
"Refund Ids","退款 Ids",module,Magento_BraintreeTwo
"Settlement Batch ID",結算批次編號,module,Magento_BraintreeTwo
Currency,貨幣,module,Magento_BraintreeTwo
"Percent Discount",折扣率,module,Magento_Bundle
"-- Select --",-請選擇-,module,Magento_Bundle
Dynamic,動態,module,Magento_Bundle
Fixed,已修復,module,Magento_Bundle
"Create New Option",創建新的選項,module,Magento_Bundle
"Bundle Items",捆綁項目,module,Magento_Bundle
"Add Products to Option",添加產品到選項,module,Magento_Bundle
Close,關閉,module,Magento_Bundle
"Delete Option",刪除選項,module,Magento_Bundle
"What are you looking for?",你在找什麼？,module,Magento_Bundle
ID,編號,module,Magento_Bundle
Product,商品,module,Magento_Bundle
SKU,商品編號,module,Magento_Bundle
Price,價格,module,Magento_Bundle
Delete,刪除,module,Magento_Bundle
"Use Default Value",使用預設值,module,Magento_Bundle
"There is no defined renderer for ""%1"" option type.","找不到 ""%1"" 選項的渲染器",module,Magento_Bundle
"Could not save child: ""%1""","無法儲存子項 ""%1""",module,Magento_Bundle
"Product with specified sku: ""%1"" does not contain option: ""%2""","產品與指定商品編號:""%1""不包含選項:""%2""",module,Magento_Bundle
"Child with specified sku: ""%1"" already assigned to product: ""%2""","含有最小庫存單位的子項 ""%1"" 已經分配予產品 ""%2""",module,Magento_Bundle
"Price Range",價格範圍,module,Magento_Bundle
"As Low as",低至,module,Magento_Bundle
Together,一起,module,Magento_Bundle
Separately,分開,module,Magento_Bundle
"Please specify product option(s).",請指定產品選項。,module,Magento_Bundle
"The options you selected are not available.",您選擇的選項不可用。,module,Magento_Bundle
"The required options you selected are not available.",您選擇的必要選項不可用。,module,Magento_Bundle
"Please select all required options.",請選擇所有必要的選項。,module,Magento_Bundle
"We can't add this item to your shopping cart right now.",我們現在不能將此項添加到您的購物車。,module,Magento_Bundle
N/A,不適用,module,Magento_Bundle
Percent,%,module,Magento_Bundle
"We can't save custom-defined options for bundles with dynamic pricing.",我們無法在自定義選項中保存具有動態定價的捆綁包。,module,Magento_Bundle
Cancel,取消,module,Magento_Bundle
"Add Selected Products",添加所選的產品,module,Magento_Bundle
"Add Option",新增選項,module,Magento_Bundle
"New Option",新的選項,module,Magento_Bundle
"Option Title",選項標題,module,Magento_Bundle
"Default Title",預設標題,module,Magento_Bundle
"Store View Title",商店總覽標題,module,Magento_Bundle
"Input Type",輸入類型,module,Magento_Bundle
Drop-down,下拉,module,Magento_Bundle
"Radio Buttons",單選按鈕,module,Magento_Bundle
Checkbox,選取方塊,module,Magento_Bundle
"Multiple Select",選擇多個,module,Magento_Bundle
Required,必要,module,Magento_Bundle
"Is Default",是預設,module,Magento_Bundle
Name,名稱,module,Magento_Bundle
"Default Quantity",預設數量,module,Magento_Bundle
"User Defined",使用者定義,module,Magento_Bundle
"Price Type",價格類型,module,Magento_Bundle
None,無,module,Magento_Bundle
Quantity:,數量︰,module,Magento_Bundle
"Choose a selection...",選擇一個選項。,module,Magento_Bundle
"Ship Bundle Items",寄送捆綁項目,module,Magento_Bundle
Position,位置,module,Magento_Bundle
"There are no products in this option.",在此選項中沒有產品。,module,Magento_Bundle
Default,預設,module,Magento_Bundle
Ordered,已訂購,module,Magento_Bundle
Invoiced,已開票,module,Magento_Bundle
Shipped,已寄送,module,Magento_Bundle
Refunded,已退款,module,Magento_Bundle
Canceled,已取消,module,Magento_Bundle
"As low as",低至,module,Magento_Bundle
"Regular Price",原價,module,Magento_Bundle
From,由,module,Magento_Bundle
To,至,module,Magento_Bundle
"Buy %1 with %2 discount each","每買 %1 有%2 折扣",module,Magento_Bundle
"Go back to product details",返回到產品詳細資訊,module,Magento_Bundle
"Customize and Add to Cart",自訂並添加到購物車,module,Magento_Bundle
"* Required Fields","* 為必填項",module,Magento_Bundle
"Your Customization",您的自訂,module,Magento_Bundle
Availability,庫存,module,Magento_Bundle
"In stock",有貨,module,Magento_Bundle
"Out of stock",缺貨,module,Magento_Bundle
Summary,摘要,module,Magento_Bundle
Availability:,庫存:,module,Magento_Bundle
Quantity,數量,module,Magento_Bundle
"Customize %1","自訂 %1",module,Magento_Bundle
"No options of this product are available.",沒有這種產品可用的選項。,module,Magento_Bundle
"Gift Message",禮物信息,module,Magento_Bundle
From:,從：,module,Magento_Bundle
To:,至：,module,Magento_Bundle
Message:,訊息：,module,Magento_Bundle
"Product Name",產品名稱,module,Magento_Bundle
Subtotal,小計,module,Magento_Bundle
"Discount Amount",折扣金額,module,Magento_Bundle
"Row Total",總行數,module,Magento_Bundle
"Qty Invoiced",已開發票數量,module,Magento_Bundle
"Qty Shipped",已出貨數量,module,Magento_Bundle
"Add Products to New Option",將產品添加到新的選項,module,Magento_Bundle
"Add Products to Option ""%1""","將產品添加到""%1""選項",module,Magento_Bundle
Select...,選擇…,module,Magento_Bundle
Status,狀態,module,Magento_Bundle
Thumbnail,縮圖,module,Magento_Bundle
Type,類型,module,Magento_Bundle
Cancel,取消,module,Magento_BundleStaging
"Add Selected Products",添加所選的產品,module,Magento_BundleStaging
"Add Products to Option",添加產品到選項,module,Magento_BundleStaging
Select...,選擇…,module,Magento_BundleStaging
Status,狀態,module,Magento_BundleStaging
ID,編號,module,Magento_BundleStaging
Thumbnail,縮圖,module,Magento_BundleStaging
Name,名稱,module,Magento_BundleStaging
Type,類型,module,Magento_BundleStaging
SKU,商品編號,module,Magento_BundleStaging
Quantity,數量,module,Magento_BundleStaging
Price,價格,module,Magento_BundleStaging
Always,一律,module,Magento_Captcha
"After number of attempts to login",嘗試登錄的次數,module,Magento_Captcha
"Provided form does not exist",提供的表單不存在,module,Magento_Captcha
"Incorrect CAPTCHA",不正確的驗證碼。,module,Magento_Captcha
"Incorrect CAPTCHA.",不正確的驗證碼。,module,Magento_Captcha
"The account is locked. Please wait and try again or contact %1.","該帳戶被鎖定。請等待再試或聯繫 %1。",module,Magento_Captcha
"<strong>Attention</strong>: Captcha is case sensitive.","<strong>注意</strong>︰ 驗證碼是區分大小寫。",module,Magento_Captcha
"Reload captcha",重新載入驗證碼,module,Magento_Captcha
"Attention: Captcha is case sensitive.","注意︰ 驗證碼是區分大小寫。",module,Magento_Captcha
CAPTCHA,驗證碼,module,Magento_Captcha
"Enable CAPTCHA in Admin",在管理員啟用驗證碼,module,Magento_Captcha
Font,字體,module,Magento_Captcha
Forms,表單,module,Magento_Captcha
"Displaying Mode",顯示模式,module,Magento_Captcha
"Number of Unsuccessful Attempts to Login",嘗試登錄失敗次數,module,Magento_Captcha
"If 0 is specified, CAPTCHA on the Login form will be always available.","如果指定 0，登錄表單上的驗證碼將一律可用。",module,Magento_Captcha
"CAPTCHA Timeout (minutes)","驗證碼超時 （分鐘）",module,Magento_Captcha
"Number of Symbols",符號數,module,Magento_Captcha
"Please specify 8 symbols at the most. Range allowed (e.g. 3-5)","請最多指定8個符號。 範圍允許（例如3-5）",module,Magento_Captcha
"Symbols Used in CAPTCHA",在驗證碼中使用的符號,module,Magento_Captcha
"Case Sensitive",區分大小寫,module,Magento_Captcha
"Enable CAPTCHA on Storefront",啟用在店面上的驗證碼,module,Magento_Captcha
"CAPTCHA for ""Create user"" and ""Forgot password"" forms is always enabled if chosen.",如果選擇了“創建用戶”和“忘記密碼”表單，一律啟用驗證碼。,module,Magento_Captcha
Root,根,module,Magento_Catalog
Delete,刪除,module,Magento_Catalog
"Are you sure you want to delete this category?",是否確實要刪除此類別？,module,Magento_Catalog
Save,儲存,module,Magento_Catalog
"Use Config Settings",使用配置設置,module,Magento_Catalog
"Use All Available Attributes",使用所有可用的屬性,module,Magento_Catalog
ID,編號,module,Magento_Catalog
Name,名稱,module,Magento_Catalog
SKU,商品編號,module,Magento_Catalog
Visibility,可見度,module,Magento_Catalog
Status,狀態,module,Magento_Catalog
Price,價格,module,Magento_Catalog
Position,位置,module,Magento_Catalog
"Add Subcategory",添加子類別,module,Magento_Catalog
"Add Root Category",添加根類別,module,Magento_Catalog
Day,日,module,Magento_Catalog
Month,月,module,Magento_Catalog
Year,年,module,Magento_Catalog
"[STORE VIEW]",[商店總覽],module,Magento_Catalog
"WYSIWYG Editor",所見即所得編輯器,module,Magento_Catalog
"Add Product",新增商品,module,Magento_Catalog
label,標籤,module,Magento_Catalog
"Product Attributes",產品屬性,module,Magento_Catalog
"Add New Attribute",添加新的屬性,module,Magento_Catalog
Cancel,取消,module,Magento_Catalog
"Save Attribute",保存屬性,module,Magento_Catalog
"Save in New Attribute Set",保存在新屬性集中,module,Magento_Catalog
"Enter Name for New Attribute Set",輸入新屬性集的名稱,module,Magento_Catalog
"Save and Continue Edit",保存並繼續編輯,module,Magento_Catalog
"Delete Attribute",刪除屬性,module,Magento_Catalog
"Edit Product Attribute ""%1""","編輯""%1""的產品屬性",module,Magento_Catalog
"New Product Attribute",新的產品屬性,module,Magento_Catalog
"Advanced Attribute Properties",進階屬性,module,Magento_Catalog
"Attribute Code",屬性代碼,module,Magento_Catalog
"This is used internally. Make sure you don't use spaces or more than %1 symbols.","這是在內部使用。請確保您不使用空格或多過 %1 個符號。",module,Magento_Catalog
"Default Value",預設值,module,Magento_Catalog
"Unique Value",獨特值,module,Magento_Catalog
"Unique Value (not shared with other products)","（不能與其他產品共用） 的獨特值",module,Magento_Catalog
"Not shared with other products.",不能與其他產品共用,module,Magento_Catalog
"Input Validation for Store Owner",店主的輸入驗證,module,Magento_Catalog
"Add to Column Options",添加到列選項,module,Magento_Catalog
"Select ""Yes"" to add this attribute to the list of column options in the product grid.",選擇“是”將此屬性添加到產品網格中的列選項清單。,module,Magento_Catalog
"Use in Filter Options",使用篩選器選項,module,Magento_Catalog
"Select ""Yes"" to add this attribute to the list of filter options in the product grid.","選擇""是""將此屬性添加到產品網格中的篩選器選項清單中。",module,Magento_Catalog
"Store View",店面,module,Magento_Catalog
Website,網站,module,Magento_Catalog
Global,全球,module,Magento_Catalog
Scope,範圍,module,Magento_Catalog
"Storefront Properties",店面的屬性,module,Magento_Catalog
"Use in Search",在搜索中的使用,module,Magento_Catalog
"Visible in Advanced Search",可見於進階搜尋中,module,Magento_Catalog
"Comparable on Storefront",在店面上可以比較,module,Magento_Catalog
"Use for Promo Rule Conditions",可以作為促銷條件之一,module,Magento_Catalog
"Allow HTML Tags on Storefront","在店面上允許使用 HTML 標籤",module,Magento_Catalog
"Depends on design theme.",取決於設計主題。,module,Magento_Catalog
"Used for Sorting in Product Listing",用於排序產品的列表,module,Magento_Catalog
"Media Image",媒體形像,module,Magento_Catalog
Gallery,圖庫,module,Magento_Catalog
"System Properties",系統屬性,module,Magento_Catalog
No,否,module,Magento_Catalog
Yes,是,module,Magento_Catalog
"Data Type for Saving in Database",在數據庫中保存的數據類型,module,Magento_Catalog
Text,文字,module,Magento_Catalog
Static,靜態,module,Magento_Catalog
Datetime,日期時間,module,Magento_Catalog
Decimal,小數點,module,Magento_Catalog
Integer,整數,module,Magento_Catalog
"Globally Editable","Globally Editable",module,Magento_Catalog
"Attribute Information",屬性信息,module,Magento_Catalog
Properties,屬性,module,Magento_Catalog
"Delete Selected Group",刪除選定的群組,module,Magento_Catalog
"Add New",新增,module,Magento_Catalog
Back,返回,module,Magento_Catalog
Reset,重設,module,Magento_Catalog
"You are about to delete all products in this attribute set. Are you sure you want to do that?",您將刪除此屬性中的所有產品。你確定要這麼做嗎？,module,Magento_Catalog
Empty,空白,module,Magento_Catalog
"Add Attribute",添加產品屬性,module,Magento_Catalog
"Add New Group",添加新的群組,module,Magento_Catalog
"Add Group",添加群組,module,Magento_Catalog
"Based On",根據,module,Magento_Catalog
"New Product",新產品,module,Magento_Catalog
"Save & Edit",保存與編輯,module,Magento_Catalog
"Save & New",保存與新增,module,Magento_Catalog
"Save & Duplicate",保存與複製,module,Magento_Catalog
"Save & Close",保存和關閉,module,Magento_Catalog
Attributes,屬性,module,Magento_Catalog
Change,更改,module,Magento_Catalog
"Advanced Inventory",進階庫存,module,Magento_Catalog
Websites,網站,module,Magento_Catalog
"Products Information",產品資訊,module,Magento_Catalog
"Create Category",新建類別,module,Magento_Catalog
"Category Name",類別名稱,module,Magento_Catalog
"Parent Category",主要類別,module,Magento_Catalog
"If there are no custom parent categories, please use the default parent category. You can reassign the category at any time in <a href=""%1"" target=""_blank"">Products > Categories</a>.","如果沒有自訂主類別，請使用預設的主類別。您可以在任何時候重新分配類別 <a href=""%1""target=""_blank""> 產品 > 類別</a>。",module,Magento_Catalog
"Price Alert Subscriptions",價格提示訂閱,module,Magento_Catalog
"Stock Alert Subscriptions",庫存提示訂閱,module,Magento_Catalog
"There are no customers for this alert.",這個提示沒有客戶。,module,Magento_Catalog
"First Name",名字,module,Magento_Catalog
"Last Name",姓氏,module,Magento_Catalog
Email,電郵,module,Magento_Catalog
"Subscribe Date",訂閱日期,module,Magento_Catalog
"Last Notified",最後通知,module,Magento_Catalog
"Send Count",發送計數,module,Magento_Catalog
"New Attribute",新屬性,module,Magento_Catalog
Type,類型,module,Magento_Catalog
"Attribute Set",屬性集,module,Magento_Catalog
"Add New Option",添加新選項,module,Magento_Catalog
"Import Options",匯入選項,module,Magento_Catalog
"Use Default",使用預設值,module,Magento_Catalog
Import,匯入,module,Magento_Catalog
"Add New Row",添加新行,module,Magento_Catalog
"Delete Row",刪除整行,module,Magento_Catalog
"Tier Pricing",第層定價,module,Magento_Catalog
"Default Price",預設價格,module,Magento_Catalog
"All Websites",所有網站,module,Magento_Catalog
"ALL GROUPS",所有群組,module,Magento_Catalog
"Add Price",添加價格,module,Magento_Catalog
"Default Values",預設值,module,Magento_Catalog
"Related Products",相關產品,module,Magento_Catalog
Up-sells,向上銷售,module,Magento_Catalog
Cross-sells,交叉銷售,module,Magento_Catalog
"Size for %1","%1 的大小",module,Magento_Catalog
"Watermark File for %1","%1 的浮水印檔",module,Magento_Catalog
"Position of Watermark for %1","%1 的浮水印的位置",module,Magento_Catalog
"Name in %1","在 %1 的名字",module,Magento_Catalog
Quantity,數量,module,Magento_Catalog
Edit,編輯,module,Magento_Catalog
"Are you sure?",您確定嗎？,module,Magento_Catalog
"Change Status",更改狀態,module,Magento_Catalog
"Add New Images",添加新圖片,module,Magento_Catalog
"Inc. Tax",含稅,module,Magento_Catalog
"Does this have a weight?",是否包含重量,module,Magento_Catalog
Product,產品,module,Magento_Catalog
"Notify Low Stock RSS",RSS低庫存通知,module,Magento_Catalog
"Low Stock Products",低庫存商品,module,Magento_Catalog
"%1 has reached a quantity of %2.","%1 的庫存量已達 %2",module,Magento_Catalog
Home,首頁,module,Magento_Catalog
"Go to Home Page",回到首頁,module,Magento_Catalog
"Subscribe to RSS Feed",訂閱RSS,module,Magento_Catalog
"Products Comparison List",商品比較表,module,Magento_Catalog
N/A,N/A,module,Magento_Catalog
AM,上午,module,Magento_Catalog
PM,下午,module,Magento_Catalog
"-- Please Select --","-- 請選擇 --",module,Magento_Catalog
None,無,module,Magento_Catalog
"New Products from %1","%1 的新商品",module,Magento_Catalog
"New Products",新商品,module,Magento_Catalog
"%1 - Special Products","%1 - 特殊商品",module,Magento_Catalog
"Click for price",點擊看價格,module,Magento_Catalog
"Special Expires On: %1","特價將於 %1 截止",module,Magento_Catalog
"Price: %1","價格: %1",module,Magento_Catalog
"Special Price: %1","特價: %1",module,Magento_Catalog
"Special Products",特殊商品,module,Magento_Catalog
"Manage Catalog Categories",型錄分類管理,module,Magento_Catalog
"Manage Categories",分類管理,module,Magento_Catalog
"You deleted the category.",已刪除該分類,module,Magento_Catalog
"Something went wrong while trying to delete the category.",刪除該分類時出現錯誤,module,Magento_Catalog
Categories,分類,module,Magento_Catalog
"Category is not available for requested store.",該商店無法使用此項分類,module,Magento_Catalog
"There was a category move error.",分類移動錯誤,module,Magento_Catalog
"You moved the category.",已移動該分類,module,Magento_Catalog
"You saved the category.",分類已儲存,module,Magento_Catalog
"Something went wrong while saving the category.",儲存分類時發生錯誤,module,Magento_Catalog
"Please select products for attributes update.",請選擇商品以更新屬性,module,Magento_Catalog
"Please make sure to define SKU values for all processed products.","請確保已為所有產品定義 SKU 值。",module,Magento_Catalog
"Unable to add attribute",無法添加該物品的屬性,module,Magento_Catalog
"You deleted the product attribute.",你刪除了產品屬性。,module,Magento_Catalog
"This attribute cannot be edited.",不能編輯此屬性。,module,Magento_Catalog
"Edit Product Attribute",編輯產品屬性,module,Magento_Catalog
"Something went wrong while saving the attribute.",保存該屬性時出錯。,module,Magento_Catalog
"You saved the product attribute.",你保存了產品屬性。,module,Magento_Catalog
"An attribute with this code already exists.",這段代碼的屬性已經存在。,module,Magento_Catalog
"An attribute with the same code (%1) already exists.","具有相同代碼 (%1) 的屬性已經存在。",module,Magento_Catalog
"You duplicated the product.",你複製了產品。,module,Magento_Catalog
"This product doesn't exist.",此產品不存在。,module,Magento_Catalog
"Invalid product id. Should be numeric value greater than 0","不正確產品 id。數位值應該大於 0",module,Magento_Catalog
Products,產品,module,Magento_Catalog
"A group with the same name already exists.",具有相同名稱的組已存在。,module,Magento_Catalog
"Something went wrong while saving this group.",保存該組時出了錯。,module,Magento_Catalog
"A total of %1 record(s) have been deleted.","共有 %1 條記錄已被刪除。",module,Magento_Catalog
"A total of %1 record(s) have been updated.","共有 %1 條記錄已更新。",module,Magento_Catalog
"Something went wrong while updating the product(s) status.",更新產品狀態時出了錯。,module,Magento_Catalog
"Something went wrong while updating the product(s) attributes.",在更新產品的属性時，系统出錯。,module,Magento_Catalog
Catalog,目錄,module,Magento_Catalog
"You saved the product.",你保存了產品。,module,Magento_Catalog
"SKU for product %1 has been changed to %2.","產品 %1 的產品編號已改為 %2。",module,Magento_Catalog
"The image cannot be removed as it has been assigned to the other image role",圖像無法被刪除，因為它已被分配給其他圖像角色,module,Magento_Catalog
"New Attribute Set",新屬性集,module,Magento_Catalog
"The attribute set has been removed.",屬性集已刪除。,module,Magento_Catalog
"New Set",新集,module,Magento_Catalog
"Manage Product Sets",管理產品集,module,Magento_Catalog
"Manage Attribute Sets",管理屬性集,module,Magento_Catalog
"This attribute set no longer exists.",此屬性設置不再存在。,module,Magento_Catalog
"You saved the attribute set.",你保存了屬性集。,module,Magento_Catalog
"Something went wrong while saving the attribute set.",保存該屬性時出錯。,module,Magento_Catalog
"You cleared the comparison list.",你清除了比較清單。,module,Magento_Catalog
"Something went wrong  clearing the comparison list.",清除比較清單時出錯,module,Magento_Catalog
"You removed product %1 from the comparison list.","您從比較清單中刪除產品 %1。",module,Magento_Catalog
"1 item",1個項目,module,Magento_Catalog
"%1 items","%1 項目",module,Magento_Catalog
"Are you sure you want to remove this item from your Compare Products list?",你確定你要從你的比較產品清單中刪除此項目？,module,Magento_Catalog
"Are you sure you want to remove all items from your Compare Products list?",你確定你要從你的比較產品清單中刪除此所有項目？,module,Magento_Catalog
"Invalid attribute %1","無效的屬性 %1",module,Magento_Catalog
Grid,格狀,module,Magento_Catalog
List,列表,module,Magento_Catalog
All,全部,module,Magento_Catalog
"Bad controller interface for showing product",壞的控制器界面來顯示產品,module,Magento_Catalog
"Product is not loaded",產品未載入,module,Magento_Catalog
"Make sure the To Date is later than or the same as the From Date.",確保結束日期必需晚於或等於出發日期。,module,Magento_Catalog
"Something went wrong while getting the image url.",獲得圖像URL時出錯。,module,Magento_Catalog
"Can't delete root category.",不能刪除根類別。,module,Magento_Catalog
"No layout updates",沒有佈局更新,module,Magento_Catalog
"Products only",僅產品,module,Magento_Catalog
"Could not save product ""%1"" with position %2 to category %3","無法保存產品""%1""與位置 %2 到類別 %3",module,Magento_Catalog
"Something went wrong while saving the file(s).",在储存文件夹時，系统出錯。,module,Magento_Catalog
"We can't rebuild the index for an undefined product.",我們不能為未定義的產品重建索引。,module,Magento_Catalog
"The Flat Catalog module has a limit of %2$d filterable and/or sortable attributes.Currently there are %1$d of them.Please reduce the number of filterable/sortable attributes in order to use this module","“平面目錄模塊” 有著 %2$d 的限制並擁有可排序的屬性。目前的屬性為 %1$d 。請減少可排序屬性的數量才能使用該產品。",module,Magento_Catalog
"Unsupported product type ""%1"".","不受支持的產品類型""%1""。",module,Magento_Catalog
"Please correct the category.",請更正該類別。,module,Magento_Catalog
"Must be category model instance or its id.","必須是模型類別或其 id。",module,Magento_Catalog
"The attribute model is not defined.",模型的屬性未定義。,module,Magento_Catalog
Category,類別,module,Magento_Catalog
"Clear Price",明確價格,module,Magento_Catalog
"Please enter a number 0 or greater in this field.",請在該字段中輸入大過於0的數字。,module,Magento_Catalog
"We couldn't copy file %1. Please delete media with non-existing images and try again.",我們不能複製檔案%1。請刪除媒體與不存在的圖片然後重試。,module,Magento_Catalog
"File '%1' is not an image.","檔案 '%1' 不是圖片。",module,Magento_Catalog
"Could not delete Prices",不能刪除價格,module,Magento_Catalog
"We found a duplicate website, tier price, customer group and quantity: Customer Group = %customerGroup, Website ID = %websiteId, Quantity = %qty. Row ID: SKU = %SKU, Website ID: %websiteId, Customer Group: %customerGroup, Quantity: %qty.","我們發現有一個網站與我們的極為相似，打比方，層價格、 客戶組和數量： 客戶組 = %customerGroup，網站 ID = %websiteid，數量 = %qty。行 ID: SKU = %SKU，網站 ID: %websiteid，客戶群： %customerGroup，數量： %qty。",module,Magento_Catalog
"Catalog, Search",目錄，搜索,module,Magento_Catalog
"Attribute '%1' is locked. %2","屬性 '%1' 被鎖定。%2",module,Magento_Catalog
Images,圖片,module,Magento_Catalog
Select...,選擇…,module,Magento_Catalog
name,名稱,module,Magento_Catalog
"This operation can take a long time",此操作可能需要很長時間,module,Magento_Catalog
"Expand All",全部展開,module,Magento_Catalog
"The value of Admin must be unique.",管理員的值必須是唯一的。,module,Magento_Catalog
Groups,組合,module,Magento_Catalog
"Sorry, we're unable to complete this request.",對不起，我們無法完成這個請求。,module,Magento_Catalog
"Delete image",刪除圖片,module,Magento_Catalog
Hidden,隐藏,module,Magento_Catalog
"Image Size",圖像大小,module,Magento_Catalog
"Image Resolution",圖像分辨率,module,Magento_Catalog
"Hide from Product Page",從產品頁面隱藏該產品,module,Magento_Catalog
"Allow Multiple Boxes for Shipping",允許多個貨品同時運送,module,Magento_Catalog
"Select All",選擇全部,module,Magento_Catalog
"Unselect All",取消全選,module,Magento_Catalog
Role,角色,module,Magento_Catalog
"Special Price",特價,module,Magento_Catalog
"Regular Price",原價,module,Magento_Catalog
"Buy %1 for:","購買 %1:",module,Magento_Catalog
"Buy %1 for %2 each and <strong class=""benefit"">save<span class=""percent tier-%3"">&nbsp;%4</span>%</strong>","每個購買 %2 附送 %1並且<strong class =“benefit”>保存<span class =“percent tier-<span class=""percent tier-%3"">&nbsp;%4 </span>％</strong>",module,Magento_Catalog
"Print This Page",打印此頁,module,Magento_Catalog
"Remove Product",刪除该商品,module,Magento_Catalog
"Add to Cart",加入購物車,module,Magento_Catalog
"In stock",有存貨,module,Magento_Catalog
"Out of stock",缺貨,module,Magento_Catalog
"Add to Wish List",添加至願望清單,module,Magento_Catalog
"Remove This Item",移除此物品,module,Magento_Catalog
Compare,比較,module,Magento_Catalog
"Clear All",全部清除,module,Magento_Catalog
Prev,上一頁,module,Magento_Catalog
Next,接著,module,Magento_Catalog
"We can't find products matching the selection.",我們找不到匹配的產品。,module,Magento_Catalog
"Learn More",詳細內容,module,Magento_Catalog
"We found other products you might like!",以下是你可能喜歡的產品！,module,Magento_Catalog
"More Choices:",更多的選擇：,module,Magento_Catalog
"select all",全選,module,Magento_Catalog
"%1 Item","%1 物品",module,Magento_Catalog
"%1 Items","%1 物品",module,Magento_Catalog
Show,顯示,module,Magento_Catalog
"per page",每頁,module,Magento_Catalog
Loading...,"加載中。 。 。",module,Magento_Catalog
"* Required Fields","* 為必填項",module,Magento_Catalog
OK,確定,module,Magento_Catalog
"This value does not follow the specified format (for example, 200X300).",此數值不符合指定的格式（例如，200X300）。,module,Magento_Catalog
"Image Detail",相片詳情,module,Magento_Catalog
Adding...,添加中。。。,module,Magento_Catalog
Added,已添加,module,Magento_Catalog
"unselect all",全部取消選擇,module,Magento_Catalog
Inventory,庫存,module,Magento_Catalog
"Custom image",自訂圖片,module,Magento_Catalog
"Use {{name}} and {{description}} as Product Name and Product Description placeholders","使用{{name}} 和{{description}} 作為產品名稱和產品描述內容",module,Magento_Catalog
"Recently Viewed/Compared Products",最近查看的產品/正在比較中的產品,module,Magento_Catalog
"Products per Page on Grid Allowed Values",這個網頁允許的產品展示數量,module,Magento_Catalog
"Whether to show ""All"" option in the ""Show X Per Page"" dropdown","是否在‘每頁顯示X頁’ 下顯示“全部”選項",module,Magento_Catalog
"All products",全部產品,module,Magento_Catalog
"New products",新產品,module,Magento_Catalog
Template,範本,module,Magento_Catalog
"New Products Images and Names Template",新產品的圖片和名稱範本,module,Magento_Catalog
"New Products Names Only Template",新產品名稱範本,module,Magento_Catalog
"New Products Images Only Template",新產品圖片範本,module,Magento_Catalog
Content,內容,module,Magento_Catalog
"Category Image",圖像類別,module,Magento_Catalog
Description,Description,module,Magento_Catalog
"Add CMS Block","添加CMS 模塊",module,Magento_Catalog
"Display Settings",顯示設定,module,Magento_Catalog
Overview,概覽,module,Magento_Catalog
Details,詳細資料,module,Magento_Catalog
"Learn more",了解更多,module,Magento_Catalog
"Edit Event",編輯事件,module,Magento_CatalogEvent
"Delete Rule",刪除規則,module,Magento_CatalogRule
"Are you sure you want to do this?",你確定你想要這樣做？,module,Magento_CatalogRule
Reset,重置,module,Magento_CatalogRule
"Save and Apply",儲存並套用,module,Magento_CatalogRule
"Save and Continue Edit",保存並繼續編輯,module,Magento_CatalogRule
Save,儲存,module,Magento_CatalogRule
"Catalog Price Rule",目錄價格規則,module,Magento_CatalogRule
"Add New Rule",添加新規則,module,Magento_CatalogRule
"Apply Rules",應用規則,module,Magento_CatalogRule
Conditions,條件,module,Magento_CatalogRule
Type,類別,module,Magento_CatalogRule
"Attribute Set",屬性集,module,Magento_CatalogRule
SKU,商品編號,module,Magento_CatalogRule
Product,商品,module,Magento_CatalogRule
Promotions,促銷,module,Magento_CatalogRule
"We found updated rules that are not applied. Please click ""Apply Rules"" to update your catalog.","我們發現不適用的更新的規則。請按一下""應用規則""來更新您的目錄。",module,Magento_CatalogRule
"You deleted the rule.",您刪除該規則。,module,Magento_CatalogRule
"New Catalog Price Rule",新目錄價格規則,module,Magento_CatalogRule
"Edit Rule",編輯規則,module,Magento_CatalogRule
"This rule no longer exists.",此規則不再存在。,module,Magento_CatalogRule
"New Rule",新規則,module,Magento_CatalogRule
Catalog,目錄,module,Magento_CatalogRule
"You saved the rule.",你保存的規則。,module,Magento_CatalogRule
"Something went wrong while saving the rule data. Please review the error log.",保存規則資料時出了錯。請查看錯誤日誌。,module,Magento_CatalogRule
Promo,促銷,module,Magento_CatalogRule

